,title,url,page_rank,zipcode,search_engine,search_term,address,search_term_raw,extractTop_name,extractTop_value,is_stockist_store
0,Store Locator – Le Specs,https://lespecs.com/pages/store-locator,1,94123,bing,le specs in 94123,,le specs,le specs Stockist Store Locator,97.5,1.0
1,Shop Le Specs Online | Nordstrom,https://www.nordstrom.com/brands/le-specs--8702,2,94123,bing,le specs in 94123,,le specs,le specs Stockist Store Locator,57.5,0.0
2,Amazon.com: Le Specs,https://www.amazon.com/stores/LeSpecs/Homepage/page/8204B423-D11E-4B85-BDF3-446564E98BB5,3,94123,bing,le specs in 94123,,le specs,le specs Stockist Store Locator,72.5,1.0
3,Le Specs,https://www.bing.com/rebates/welcome?url=https%3a%2f%2flespecs.com%2f&murl=https%3a%2f%2fclick.linksynergy.com%2fdeeplink%3fid%3dmsYS1Nvjv4c%26afsrc%3d1%26mid%3d50299%26murl%3dhttps%253a%252f%252flespecs.com%252f%26u1%3d&id=lespecs&name=Le+Specs&ra=10%&hash=e5eb49d84cfaf7a934fc4f859c88deeedecf122ac0b694028fa946afe7ff9da0&network=Rakuten,4,94123,bing,le specs in 94123,,le specs,le specs Stockist Store Locator,95.0,1.0
4,Store Locator – Le Specs,https://lespecs.com/pages/store-locator,1,94123,yahoo,le specs in 94123,,le specs,le specs Stockist Store Locator,97.5,1.0
5,Shop Le Specs Online | Nordstrom,https://www.nordstrom.com/brands/le-specs--8702,2,94123,yahoo,le specs in 94123,,le specs,le specs Stockist Store Locator,57.5,0.0
6,Amazon.com: Le Specs,https://www.amazon.com/stores/LeSpecs/Homepage/page/8204B423-D11E-4B85-BDF3-446564E98BB5,3,94123,yahoo,le specs in 94123,,le specs,le specs Stockist Store Locator,72.5,1.0
7,Le Specs,https://lespecs.com/,4,94123,yahoo,le specs in 94123,,le specs,le specs Stockist Store Locator,95.0,1.0
8,Shop Le Specs Online | Shopbop,https://www.shopbop.com/specs/br/v=1/37342.htm,5,94123,yahoo,le specs in 94123,,le specs,le specs Stockist Store Locator,52.5,0.0
9,Home – Le Specs,https://intl.lespecs.com/pages/home,6,94123,yahoo,le specs in 94123,,le specs,le specs Stockist Store Locator,81.0,1.0
10,Our Story – Le Specs,https://intl.lespecs.com/pages/our-story,7,94123,yahoo,le specs in 94123,,le specs,le specs Stockist Store Locator,75.5,1.0
11,2022 Forest River Sunseeker 2350 LE specs and literature guide,https://www.rvusa.com/rv-guide/2022-forest-river-sunseeker-class-c-floorplan-2350-le-tr53738,8,94123,yahoo,le specs in 94123,,le specs,le specs Stockist Store Locator,63.5,0.0
12,Le Specs,https://intl.lespecs.com/,9,94123,yahoo,le specs in 94123,,le specs,le specs Stockist Store Locator,95.0,1.0
13,"Celestron - UHC/LPR Filter - 1.25"" - 94123 | Telescopes",https://telescopes.net/94123-uhc-lpr-filter-1-25-in.html,10,94123,yahoo,le specs in 94123,,le specs,Urban Outfitters,37.0,0.0
14,Lubbock Liquor Store - Spec's Instore Or Order Online for ...,https://specsonline.com/location/4th-street/,11,94123,yahoo,le specs in 94123,,le specs,le specs Stockist Store Locator,65.0,0.0
15,94123 Real Estate - 94123 Homes For Sale | Zillow,https://www.zillow.com/san-francisco-ca-94123/,12,94123,yahoo,le specs in 94123,,le specs,Eyewear Love Affair,37.0,0.0
16,Le Specs | Liberty,https://www.libertylondon.com/uk/brands/l/le-specs/,13,94123,yahoo,le specs in 94123,,le specs,le specs Stockist Store Locator,76.5,1.0
17,"2016 Airstream Flying Cloud 25FB RV for Sale in San Jose, CA",https://www.rvusa.com/2016-airstream-flying-cloud-25fb-travel-trailer-2855515,1,94123,mojeek,le specs in 94123,,le specs,Eyewear Love Affair,34.0,0.0
18,"25-27 Moulton St, San Francisco, CA, 94123 | ArmLocal Business",https://armlocal.com/real-estate/25-27-moulton-st-san-francisco-ca-94123/28,2,94123,mojeek,le specs in 94123,,le specs,le specs Stockist Store Locator,38.5,0.0
19,Our Brands — ANOMIE,https://www.shopanomie.com/pages/brands,3,94123,mojeek,le specs in 94123,,le specs,Two Birds,51.5,0.0
20,AIR - Discography (1998-2012) 320 kbps,https://cade.webbg.com/music/94123-air-discography-19982012-320-kbps-.html,4,94123,mojeek,le specs in 94123,,le specs,Two Birds,35.5,0.0
21,Commercial & Industrial Architects in California,https://commercial-architects.regionaldirectory.us/california.htm,5,94123,mojeek,le specs in 94123,,le specs,Intermix,39.0,0.0
22,"Owners of FIAT 500 2012 in CA, US | VIN Search",https://carsowners.net/fiat/500/2012/ca,6,94123,mojeek,le specs in 94123,,le specs,Eyewear Love Affair,35.5,0.0
23,FLAX art & design | San Francisco Legacy Business,https://legacybusiness.org/index.php/business/flax-art-design,7,94123,mojeek,le specs in 94123,,le specs,Heidi Says,37.0,0.0
24,"West Coast Craft, San Francisco, June 2019",https://www.chicmi.com/event/west-coast-craft-san-francisco-june-2019/,8,94123,mojeek,le specs in 94123,,le specs,Urban Outfitters,39.5,0.0
25,French Drain System in CA | Call 844-244-1840,https://www.aptfrenchdrainsystem.com/ca/,9,94123,mojeek,le specs in 94123,,le specs,Heidi Says,38.5,0.0
26,Backflow Testing in CA | Call 800-290-0654,http://www.backflowtestingguys.net/ca/,10,94123,mojeek,le specs in 94123,,le specs,Intermix,37.0,0.0
27,Stockists - Le Specs,https://lespecs.com/pages/stockists,1,94123,startpage,le specs in 94123,,le specs,le specs Stockist Store Locator,79.5,1.0
28,Le Specs,https://lespecs.com/,2,94123,startpage,le specs in 94123,,le specs,le specs Stockist Store Locator,95.0,1.0
29,Contact Us - Le Specs,https://lespecs.com/pages/contact-us,3,94123,startpage,le specs in 94123,,le specs,le specs Stockist Store Locator,62.5,0.0
30,Le Specs 1984 Original Ad - YouTube,https://www.youtube.com/watch?v=a8T4-4e5Uzw,4,94123,startpage,le specs in 94123,,le specs,le specs Stockist Store Locator,49.0,0.0
31,FroFro Alt Fit Polarized Sunglasses - SOOK,https://www.shopyoursook.com/product/frofro-alt-fit-polarized-sunglasses,5,94123,startpage,le specs in 94123,,le specs,le specs Stockist Store Locator,41.0,0.0
32,"PAYLESS OPTICAL - 3169 21st St, San Francisco, California - Yelp",https://www.yelp.com/biz/payless-optical-san-francisco-2,6,94123,startpage,le specs in 94123,,le specs,le specs Stockist Store Locator,38.0,0.0
33,HeidiSays,https://heidisays.com/,7,94123,startpage,le specs in 94123,,le specs,Heidi Says,95.0,1.0
34,"LensCrafters in San Francisco, CA | 685 Market St | Eyewear & Eye ...",https://local.lenscrafters.com/ca/san-francisco/685-market-st.html,8,94123,startpage,le specs in 94123,,le specs,Eyewear Love Affair,70.0,1.0
35,Two Birds Online Shop,https://shoptwobirds.com/,9,94123,startpage,le specs in 94123,,le specs,Two Birds,95.0,1.0
36,Stockists | Thierry Lasry,https://www.thierrylasry.com/us/stockists/,10,94123,startpage,le specs in 94123,,le specs,le specs Stockist Store Locator,55.0,0.0
37,Store Locator – Le Specs,https://lespecs.com/pages/store-locator,1,94123,brave_search,le specs in 94123,,le specs,le specs Stockist Store Locator,97.5,1.0
38,Shop Le Specs Online | Nordstrom,https://www.nordstrom.com/brands/le-specs--8702,2,94123,brave_search,le specs in 94123,,le specs,le specs Stockist Store Locator,57.5,0.0
39,Amazon.com: Le Specs,https://www.amazon.com/stores/LeSpecs/Homepage/page/8204B423-D11E-4B85-BDF3-446564E98BB5,3,94123,brave_search,le specs in 94123,,le specs,le specs Stockist Store Locator,72.5,1.0
40,Le Specs,https://lespecs.com/,4,94123,brave_search,le specs in 94123,,le specs,le specs Stockist Store Locator,95.0,1.0
41,Home – Le Specs,https://intl.lespecs.com/pages/home,5,94123,brave_search,le specs in 94123,,le specs,le specs Stockist Store Locator,81.0,1.0
42,Our Story – Le Specs,https://intl.lespecs.com/pages/our-story,6,94123,brave_search,le specs in 94123,,le specs,le specs Stockist Store Locator,75.5,1.0
43,2022 Forest River Sunseeker 2350 LE specs and literature guide - RVUSA.com,https://www.rvusa.com/rv-guide/2022-forest-river-sunseeker-class-c-floorplan-2350-le-tr53738,7,94123,brave_search,le specs in 94123,,le specs,le specs Stockist Store Locator,63.5,0.0
44,2021 Forest River Sunseeker 2350 LE specs and literature guide - RVUSA.com,https://www.rvusa.com/rv-guide/2021-forest-river-sunseeker-class-c-floorplan-2350-le-tr49946,8,94123,brave_search,le specs in 94123,,le specs,le specs Stockist Store Locator,63.5,0.0
45,Shop Le Specs Online | Shopbop,https://www.shopbop.com/specs/br/v=1/37342.htm,9,94123,brave_search,le specs in 94123,,le specs,le specs Stockist Store Locator,52.5,0.0
46,"Celestron - UHC/LPR Filter - 1.25"" - 94123 | Telescopes",https://telescopes.net/94123-uhc-lpr-filter-1-25-in.html,10,94123,brave_search,le specs in 94123,,le specs,Urban Outfitters,37.0,0.0
47,Store Locator & Events | Sur La Table,https://www.surlatable.com/stores,11,94123,brave_search,le specs in 94123,,le specs,le specs Stockist Store Locator,60.5,0.0
48,94123 Real Estate - 94123 Homes For Sale | Zillow,https://www.zillow.com/san-francisco-ca-94123/,12,94123,brave_search,le specs in 94123,,le specs,Eyewear Love Affair,37.0,0.0
49,Le Specs | Liberty,https://www.libertylondon.com/uk/brands/l/le-specs/,13,94123,brave_search,le specs in 94123,,le specs,le specs Stockist Store Locator,76.5,1.0
50,"94123, San Francisco, CA Zip Code Map - MapQuest",https://www.mapquest.com/us/california/94123-ca-286306081,14,94123,brave_search,le specs in 94123,,le specs,le specs Stockist Store Locator,32.5,0.0
51,CLACKAMAS COUNTY DEPARTMENT OF TRANSPORTATION AND DEVELOPMENT STANDARD ...,https://dochub.clackamas.us/documents/drupal/26fa3007-0e1f-4cde-9bff-51e83ee304b6,15,94123,brave_search,le specs in 94123,,le specs,Urban Outfitters,35.5,0.0
52,About Us - Le Bistro Montage,https://montageportland.com/about-us/,16,94123,brave_search,le specs in 94123,,le specs,Fever Boutique,41.5,0.0
53,Used 2019 Toyota RAV4 LE AWD SUV For Sale - Oregon City,https://www.oregoncitysubaru.com/used/Toyota/2019-Toyota-RAV4-Oregon-City-OR-a149e4de0a0e0a917e60c745643cbc0c.htm,17,94123,brave_search,le specs in 94123,,le specs,le specs Stockist Store Locator,64.5,0.0
54,Joel Romero Learning Spec,https://www.yellowpages.com/san-francisco-ca/mip/joel-romero-learning-spec-456364455,1,94123,yellow_pages,le specs 94123,,le specs,Ch Good Stock,39.0,0.0
55,Specs in The City & Cheaters Too,https://www.yellowpages.com/san-francisco-ca/mip/specs-in-the-city-cheaters-too-152393,2,94123,yellow_pages,le specs 94123,,le specs,le specs Stockist Store Locator,54.5,0.0
56,Specs' Twelve Adler Museum Cafe,https://www.yellowpages.com/san-francisco-ca/mip/specs-twelve-adler-museum-cafe-468569052,3,94123,yellow_pages,le specs 94123,,le specs,Muse,57.0,0.0
57,Classic Specs Shop - Hayes Valley,https://www.yellowpages.com/san-francisco-ca/mip/classic-specs-shop-hayes-valley-528698587,4,94123,yellow_pages,le specs 94123,,le specs,le specs Stockist Store Locator,47.0,0.0
58,Topflight Specs,https://www.yellowpages.com/san-francisco-ca/mip/topflight-specs-31187013,5,94123,yellow_pages,le specs 94123,,le specs,le specs Stockist Store Locator,68.0,0.0
59,Mcquarrie Building Specs Inc,https://www.yellowpages.com/san-francisco-ca/mip/mcquarrie-building-specs-inc-30972227,6,94123,yellow_pages,le specs 94123,,le specs,le specs Stockist Store Locator,43.0,0.0
60,U-Spec,https://www.yellowpages.com/san-francisco-ca/mip/u-spec-527621785,7,94123,yellow_pages,le specs 94123,,le specs,le specs Stockist Store Locator,51.0,0.0
61,U C S F Pediatric Spec Prctcs,https://www.yellowpages.com/san-francisco-ca/mip/u-c-s-f-pediatric-spec-prctcs-463092876,8,94123,yellow_pages,le specs 94123,,le specs,le specs Stockist Store Locator,42.0,0.0
62,Hennesseys Wines & Specs,https://www.yellowpages.com/san-francisco-ca/mip/hennesseys-wines-specs-10665528,9,94123,yellow_pages,le specs 94123,,le specs,le specs Stockist Store Locator,41.0,0.0
63,Spec Ceramics,https://www.yellowpages.com/san-francisco-ca/mip/spec-ceramics-541789704,10,94123,yellow_pages,le specs 94123,,le specs,le specs Stockist Store Locator,44.0,0.0
64,ComSpec Telecom,https://www.yellowpages.com/south-san-francisco-ca/mip/comspec-telecom-452160600,11,94123,yellow_pages,le specs 94123,,le specs,Muse,50.0,0.0
65,Spec,https://www.yellowpages.com/oakland-ca/mip/spec-12340493,12,94123,yellow_pages,le specs 94123,,le specs,le specs Stockist Store Locator,56.5,0.0
66,F1spec,https://www.yellowpages.com/south-san-francisco-ca/mip/f1spec-517423278,13,94123,yellow_pages,le specs 94123,,le specs,Muse,42.5,0.0
67,H3r Clean Agent Spec Inc,https://www.yellowpages.com/larkspur-ca/mip/h3r-clean-agent-spec-inc-3457940,14,94123,yellow_pages,le specs 94123,,le specs,le specs Stockist Store Locator,36.0,0.0
68,Market Distribution Spec,https://www.yellowpages.com/oakland-ca/mip/market-distribution-spec-463315599,15,94123,yellow_pages,le specs 94123,,le specs,Fever Boutique,38.0,0.0
69,San Francisco Spec Food Co,https://www.yellowpages.com/alameda-ca/mip/san-francisco-spec-food-co-473253975,16,94123,yellow_pages,le specs 94123,,le specs,Ch Good Stock,47.5,0.0
70,Landscape Maintenance Spec,https://www.yellowpages.com/burlingame-ca/mip/landscape-maintenance-spec-3904275,17,94123,yellow_pages,le specs 94123,,le specs,le specs Stockist Store Locator,39.0,0.0
71,AmeriSpec,https://www.yellowpages.com/san-rafael-ca/mip/amerispec-488131326,18,94123,yellow_pages,le specs 94123,,le specs,Muse,46.0,0.0
72,Spec Personnel,https://www.yellowpages.com/burlingame-ca/mip/spec-personnel-515559187,19,94123,yellow_pages,le specs 94123,,le specs,le specs Stockist Store Locator,38.0,0.0
73,Spec Stones Imports Inc,https://www.yellowpages.com/san-leandro-ca/mip/spec-stones-imports-inc-467241552,20,94123,yellow_pages,le specs 94123,,le specs,le specs Stockist Store Locator,48.0,0.0
74,A Spec Wheels & Tires,https://www.yellowpages.com/hayward-ca/mip/a-spec-wheels-tires-480890412,21,94123,yellow_pages,le specs 94123,,le specs,le specs Stockist Store Locator,47.0,0.0
75,C-Spec,https://www.yellowpages.com/lafayette-ca/mip/c-spec-1379551,22,94123,yellow_pages,le specs 94123,,le specs,le specs Stockist Store Locator,53.5,0.0
76,Design Build Spec,https://www.yellowpages.com/novato-ca/mip/design-build-spec-482440469,23,94123,yellow_pages,le specs 94123,,le specs,Two Birds,44.0,0.0
77,AmeriSpec,https://www.yellowpages.com/redwood-city-ca/mip/amerispec-560053185,24,94123,yellow_pages,le specs 94123,,le specs,Muse,46.0,0.0
78,ASAP Advertising Spec,https://www.yellowpages.com/walnut-creek-ca/mip/asap-advertising-spec-463305475,25,94123,yellow_pages,le specs 94123,,le specs,Heidi Says,44.0,0.0
79,Apartment Rent Spec,https://www.yellowpages.com/concord-ca/mip/apartment-rent-spec-544245854,26,94123,yellow_pages,le specs 94123,,le specs,Eyewear Love Affair,36.0,0.0
80,Mass-Spec-Training.com,https://www.yellowpages.com/san-ramon-ca/mip/mass-spec-training-com-548591955,27,94123,yellow_pages,le specs 94123,,le specs,le specs Stockist Store Locator,42.0,0.0
81,Infectious Diseases Specs,https://www.yellowpages.com/concord-ca/mip/infectious-diseases-specs-463208231,28,94123,yellow_pages,le specs 94123,,le specs,le specs Stockist Store Locator,45.0,0.0
82,Spec001,https://www.yellowpages.com/benicia-ca/mip/spec001-480870906,29,94123,yellow_pages,le specs 94123,,le specs,Muse,36.0,0.0
83,Detention Equipment Specs Inc,https://www.yellowpages.com/concord-ca/mip/detention-equipment-specs-inc-473247723,30,94123,yellow_pages,le specs 94123,,le specs,le specs Stockist Store Locator,42.0,0.0
84,LE SPECS stores in San Francisco shopenauer.com,https://www.shopenauer.com/en/brand/le-specs/san-francisco,1,94123,google_search,le+specs+in+94123,,le specs,le specs Stockist Store Locator,71.0,1.0
85,Stockists Le Specs,https://lespecs.com/pages/stockists,2,94123,google_search,le+specs+in+94123,,le specs,le specs Stockist Store Locator,79.5,1.0
86,Le Specs,https://lespecs.com/,3,94123,google_search,le+specs+in+94123,,le specs,le specs Stockist Store Locator,95.0,1.0
87,FroFro Alt Fit Polarized Sunglasses - SOOK shopyoursook.com,https://www.shopyoursook.com/product/frofro-alt-fit-polarized-sunglasses,4,94123,google_search,le+specs+in+94123,,le specs,le specs Stockist Store Locator,41.0,0.0
88,HeidiSays HeidiSays,https://heidisays.com/,5,94123,google_search,le+specs+in+94123,,le specs,Heidi Says,88.0,1.0
89, ,"https://au.linkedin.com/in/rodney-grunseit#:~:text=Sunshades%20Eyewear%20designs%2C%20manufactures%2C%20markets,portfolio%20across%20Australia%20%26%20New%20Zealand.",6,94123,google_search,le+specs+in+94123,,le specs,Heidi Says,0.0,0.0
90, ,"https://lespecs.com/pages/le-specs-optical#:~:text=Designed%20in%20Sydney%2C%20Australia%2C%20our,on%20unique%20design%20and%20affordability.",7,94123,google_search,le+specs+in+94123,,le specs,Heidi Says,0.0,0.0
91, ,"https://au.lespecs.com/pages/our-story#:~:text=Since%201979%2C%20Le%20Specs%20has,in%20the%20global%20fashion%20market.",8,94123,google_search,le+specs+in+94123,,le specs,Heidi Says,0.0,0.0
92,PAYLESS OPTICAL - 17 Photos & 79 Reviews Yelp,https://www.yelp.com/biz/payless-optical-san-francisco-2,9,94123,google_search,le+specs+in+94123,,le specs,le specs Stockist Store Locator,41.0,0.0
93,"LensCrafters in San Francisco, CA | 685 Market St LensCrafters",https://local.lenscrafters.com/ca/san-francisco/685-market-st.html,10,94123,google_search,le+specs+in+94123,,le specs,Urban Outfitters,40.0,0.0
94,Two Birds Online Shop Two Birds Online Shop,https://shoptwobirds.com/,11,94123,google_search,le+specs+in+94123,,le specs,Two Birds,95.0,1.0
95,Stockists Thierry Lasry,https://www.thierrylasry.com/us/stockists/,12,94123,google_search,le+specs+in+94123,,le specs,le specs Stockist Store Locator,56.0,0.0
96,San Francisco's Oldest Bars by Neighborhood SF Travel,https://www.sftravel.com/article/san-franciscos-oldest-bars-neighborhood,13,94123,google_search,le+specs+in+94123,,le specs,Good Neighbor,48.0,0.0
97,sfpl historic photograph collection subject guide San Francisco Public Library,https://sfpl.org/uploads/files/1/3/Subject%20list%20%202014(1).pdf,14,94123,google_search,le+specs+in+94123,,le specs,le specs Stockist Store Locator,39.0,0.0
98,What will it take for historic SF bars like Specs' to survive ... San Francisco Chronicle,https://www.sfchronicle.com/wine/article/What-will-it-take-for-historic-S-F-bars-like-15205341.php,15,94123,google_search,le+specs+in+94123,,le specs,le specs Stockist Store Locator,63.0,0.0
99,"Used Hybrid in San Francisco, CA for Sale CarMax",https://www.carmax.com/cars/hybrid?location=san+francisco+ca,16,94123,google_search,le+specs+in+94123,,le specs,Heidi Says,41.0,0.0
100,RIMS & GOGGLES® – AN OPTICAL BOUTIQUE – SETTING ... Rims & Goggles,https://www.rimsandgoggles.com/,17,94123,google_search,le+specs+in+94123,,le specs,Fever Boutique,79.5,1.0
101,The Midway SF - San Francisco The Midway SF,https://themidwaysf.com/,18,94123,google_search,le+specs+in+94123,,le specs,Heidi Says,43.0,0.0
102,"Used Toyota RAV4 Hybrid for Sale in San Francisco, CA Edmunds",https://www.edmunds.com/used-toyota-rav4-hybrid-san-francisco-ca/,19,94123,google_search,le+specs+in+94123,,le specs,le specs Stockist Store Locator,36.5,0.0
103,"Used Toyota Prius for Sale in San Francisco, CA",https://www.edmunds.com/used-toyota-prius-san-francisco-ca/,20,94123,google_search,le+specs+in+94123,,le specs,le specs Stockist Store Locator,40.0,0.0
104,THE 10 BEST Nightlife Activities in San Francisco TripAdvisor,https://www.tripadvisor.com/Attractions-g60713-Activities-c20-San_Francisco_California.html,21,94123,google_search,le+specs+in+94123,,le specs,le specs Stockist Store Locator,37.5,0.0
105,Store Locator / cutlerandgross.com,https://www.cutlerandgross.com/storelocator,22,94123,google_search,le+specs+in+94123,,le specs,le specs Stockist Store Locator,58.5,0.0
106,Find Caddis Life Products with the Store Locator Caddis,https://caddislife.com/pages/store-locator,23,94123,google_search,le+specs+in+94123,,le specs,le specs Stockist Store Locator,73.5,1.0
107,Untitled University of California San Diego,https://act.ucsd.edu/security/financial/login?sectype=NONE&url=//speedmettafeedsdel.cf/d32cmgucsd6,24,94123,google_search,le+specs+in+94123,,le specs,Urban Outfitters,38.0,0.0
108,San Fran Sample Sale (@sanfransamples) / Twitter Twitter,https://twitter.com/sanfransamples?lang=en,25,94123,google_search,le+specs+in+94123,,le specs,le specs Stockist Store Locator,42.0,0.0
109,Columbus Avenue (San Francisco) Wikipedia,https://en.wikipedia.org/wiki/Columbus_Avenue_(San_Francisco),26,94123,google_search,le+specs+in+94123,,le specs,Urban Outfitters,34.5,0.0
110,Our favorite quirky San Francisco neighborhood bars SFGATE,https://www.sfgate.com/food/article/San-Francisco-neighborhood-bars-quirky-beloved-11549760.php,27,94123,google_search,le+specs+in+94123,,le specs,Good Neighbor,50.0,0.0
111,Store Locator Barton Perreira,https://bartonperreira.com/pages/store-locator,28,94123,google_search,le+specs+in+94123,,le specs,le specs Stockist Store Locator,60.5,0.0
112,Store locator Christopher Cloos,https://christopher-cloos.com/pages/store-locator,29,94123,google_search,le+specs+in+94123,,le specs,le specs Stockist Store Locator,63.5,0.0
113,Our Brands Shop Anomie,https://www.shopanomie.com/pages/brands,30,94123,google_search,le+specs+in+94123,,le specs,Two Birds,48.0,0.0
114,Las mejores ópticas para MATSUDA en San Francisco 2023 favrspecs.com,https://www.favrspecs.com/es/marcas/matsuda/64/opticas/en/san-francisco/369/,31,94123,google_search,le+specs+in+94123,,le specs,le specs Stockist Store Locator,40.0,0.0
115,Nordstrom,"https://maps.google.com/maps?daddr=130+Hillsdale+Shopping+Center,+San+Mateo,+CA+94403,+United+States",0,94123,google_shopping,le+specs+in+94123,"130 Hillsdale Shopping Center, San Mateo·",le specs,Two Birds,54.5,0.0
116,Neiman Marcus,"https://maps.google.com/maps?daddr=150+Stockton+Street,+San+Francisco,+CA+94108,+United+States",1,94123,google_shopping,le+specs+in+94123,"150 Stockton Street, San Francisco·2.1 miles",le specs,Muse,49.0,0.0
117,Macy's,"https://maps.google.com/maps?daddr=1+Serramonte+Ctr,+Daly+City,+CA+94015,+United+States",2,94123,google_shopping,le+specs+in+94123,"1 Serramonte Ctr, Daly City·9.0 miles",le specs,Heidi Says,41.5,0.0
118,Nordstrom,"https://maps.google.com/maps?daddr=2400+Forest+Ave,+San+Jose,+CA+95128,+United+States",3,94123,google_shopping,le+specs+in+94123,"2400 Forest Ave, San Jose·42.5 miles",le specs,Two Birds,54.5,0.0
119,Nordstrom,"https://maps.google.com/maps?daddr=865+Market+St,+San+Francisco,+CA+94103,+United+States",4,94123,google_shopping,le+specs+in+94123,"865 Market St, San Francisco·2.1 miles",le specs,Two Birds,54.5,0.0
120,REI,"https://maps.google.com/maps?daddr=1975+Diamond+Blvd,+Ste+B100,+Concord,+CA+94520,+United+States",5,94123,google_shopping,le+specs+in+94123,"1975 Diamond Blvd, Ste B100, Concord·23.9 miles",le specs,Intermix,48.0,0.0
121,REI,"https://maps.google.com/maps?daddr=1119+Industrial+Rd,+Suite+A,+San+Carlos,+CA+94070,+United+States",6,94123,google_shopping,le+specs+in+94123,"1119 Industrial Rd, Suite A, San Carlos·23.0 miles",le specs,Intermix,48.0,0.0
122,REI,"https://maps.google.com/maps?daddr=213+Corte+Madera+Town+Ctr,+Corte+Madera,+CA+94925,+United+States",7,94123,google_shopping,le+specs+in+94123,"213 Corte Madera Town Ctr, Corte Madera·",le specs,Intermix,48.0,0.0
123,Sunglass Hut,"https://maps.google.com/maps?daddr=1887+Union+St,+San+Francisco,+CA+94123,+United+States",8,94123,google_shopping,le+specs+in+94123,"1887 Union St, San Francisco·0.8 mile",le specs,Heidi Says,44.0,0.0
124,Sunglass Hut,"https://maps.google.com/maps?daddr=250+Stockton+St,+San+Francisco,+CA+94108,+United+States",9,94123,google_shopping,le+specs+in+94123,"250 Stockton St, San Francisco·2.0 miles",le specs,Heidi Says,44.0,0.0
125,Sunglass Hut,"https://maps.google.com/maps?daddr=1323+Burlingame+Ave,+Burlingame,+CA+94010,+United+States",10,94123,google_shopping,le+specs+in+94123,"1323 Burlingame Ave, Burlingame·16.2 miles",le specs,Heidi Says,44.0,0.0
126,Neiman Marcus,"https://maps.google.com/maps?daddr=400+Stanford+Shopping+Center,+Palo+Alto,+CA+94304,+United+States",11,94123,google_shopping,le+specs+in+94123,"400 Stanford Shopping Center, Palo Alto·",le specs,Muse,49.0,0.0
127,Macy's,"https://maps.google.com/maps?daddr=2801+Stevens+Creek+Blvd,+Santa+Clara,+CA+95050,+United+States",12,94123,google_shopping,le+specs+in+94123,"2801 Stevens Creek Blvd, Santa Clara·42.6 miles",le specs,Heidi Says,41.5,0.0
128,Kohl's,"https://maps.google.com/maps?daddr=1200+El+Camino+Real,+Colma,+CA+94014,+United+States",13,94123,google_shopping,le+specs+in+94123,"1200 El Camino Real, Colma·8.8 miles",le specs,Ch Good Stock,38.5,0.0
129,Kohl's,"https://maps.google.com/maps?daddr=2302+Monument+Blvd,+Pleasant+Hill,+CA+94523,+United+States",14,94123,google_shopping,le+specs+in+94123,"2302 Monument Blvd, Pleasant Hill·23.0 miles",le specs,Ch Good Stock,38.5,0.0
130,Macy's,"https://maps.google.com/maps?daddr=1300+Stoneridge+Mall+Rd,+Pleasanton,+CA+94588,+United+States",15,94123,google_shopping,le+specs+in+94123,"1300 Stoneridge Mall Rd, Pleasanton·28.8 miles",le specs,Heidi Says,41.5,0.0
131,Ace Hardware,"https://maps.google.com/maps?daddr=875+Alma+Street,+Palo+Alto,+CA+94301,+United+States",16,94123,google_shopping,le+specs+in+94123,"875 Alma Street, Palo Alto·29.2 miles",le specs,Eyewear Love Affair,42.0,0.0
132,Kohl's,"https://maps.google.com/maps?daddr=2900+Las+Positas+Rd,+Livermore,+CA+94551,+United+States",17,94123,google_shopping,le+specs+in+94123,"2900 Las Positas Rd, Livermore·37.5 miles",le specs,Ch Good Stock,38.5,0.0
133,Sports Basement,"https://maps.google.com/maps?daddr=1881+Ygnacio+Valley+Road,+Walnut+Creek,+CA+94598,+United+States",18,94123,google_shopping,le+specs+in+94123,"1881 Ygnacio Valley Road, Walnut Creek·23.4 miles",le specs,Two Birds,36.5,0.0
134,DICK'S Sporting Goods,"https://maps.google.com/maps?daddr=64+Serramonte+Center,+Daly+City,+CA+94015,+United+States",19,94123,google_shopping,le+specs+in+94123,"64 Serramonte Center, Daly City·9.1 miles",le specs,Ch Good Stock,53.0,0.0
135,DICK'S Sporting Goods,"https://maps.google.com/maps?daddr=2820+Dublin+Blvd,+Dublin,+CA+94568,+United+States",20,94123,google_shopping,le+specs+in+94123,"2820 Dublin Blvd, Dublin·32.7 miles",le specs,Ch Good Stock,53.0,0.0
136,DICK'S Sporting Goods,"https://maps.google.com/maps?daddr=2314+Monument+Blvd,+Pleasant+Hill,+CA+94523,+United+States",21,94123,google_shopping,le+specs+in+94123,"2314 Monument Blvd, Pleasant Hill·23.0 miles",le specs,Ch Good Stock,53.0,0.0
137,Golf Galaxy,"https://maps.google.com/maps?daddr=2820+Dublin+Blvd,+Ste+C,+Dublin,+CA+94568,+United+States",22,94123,google_shopping,le+specs+in+94123,"2820 Dublin Blvd, Ste C, Dublin·32.7 miles",le specs,Good Neighbor,33.0,0.0
138,Wilco,"https://maps.google.com/maps?daddr=1390+North+McDowell+Boulevard,+Petaluma,+CA+94954,+United+States",23,94123,google_shopping,le+specs+in+94123,"1390 North McDowell Boulevard, Petaluma",le specs,Two Birds,32.5,0.0
139,Sportsman's Warehouse,"https://maps.google.com/maps?daddr=5491+Lone+Tree+Way,+Brentwood,+CA+94513,+United+States",24,94123,google_shopping,le+specs+in+94123,"5491 Lone Tree Way, Brentwood·39.2 miles",le specs,Muse,50.0,0.0
140,Sports Basement,"https://maps.google.com/maps?daddr=1041+Market+Pl,+San+Ramon,+CA+94583,+United+States",25,94123,google_shopping,le+specs+in+94123,"1041 Market Pl, San Ramon·26.7 miles",le specs,Two Birds,36.5,0.0
141,Sports Basement,"https://maps.google.com/maps?daddr=3251+20th+Avenue,+Suite+390,+SAN+FRANCISCO,+CA+94132,+United+States",26,94123,google_shopping,le+specs+in+94123,"3251 20th Avenue, Suite 390, SAN FRANCISCO",le specs,Two Birds,36.5,0.0
142,Road Runner Sports,"https://maps.google.com/maps?daddr=1125+Industrial+Road,+San+Carlos,+CA+94070,+United+States",27,94123,google_shopping,le+specs+in+94123,"1125 Industrial Road, San Carlos·23.1 miles",le specs,Good Neighbor,45.0,0.0
143,Road Runner Sports,"https://maps.google.com/maps?daddr=1975+Diamond+Blvd,+Concord,+CA+94520,+United+States",28,94123,google_shopping,le+specs+in+94123,"1975 Diamond Blvd, Concord·23.9 miles",le specs,Good Neighbor,45.0,0.0
144,Ace Hardware,"https://maps.google.com/maps?daddr=625+3rd+St,+Oakland,+CA+94607,+United+States",29,94123,google_shopping,le+specs+in+94123,"625 3rd St, Oakland·8.7 miles",le specs,Eyewear Love Affair,42.0,0.0
145,Ace Hardware,"https://maps.google.com/maps?daddr=3211+Danville+Blvd,+Alamo,+CA+94507,+United+States",30,94123,google_shopping,le+specs+in+94123,"3211 Danville Blvd, Alamo·22.4 miles",le specs,Eyewear Love Affair,42.0,0.0
146,West Marine,"https://maps.google.com/maps?daddr=192+Donahue+St,+Sausalito,+CA+94965,+United+States",31,94123,google_shopping,le+specs+in+94123,"192 Donahue St, Sausalito·6.3 miles",le specs,Eyewear Love Affair,36.5,0.0
147,Guitar Center,"https://maps.google.com/maps?daddr=3677+Stevens+Creek+Blvd,+Santa+Clara,+CA+95051,+United+States",32,94123,google_shopping,le+specs+in+94123,"3677 Stevens Creek Blvd, Santa Clara·41.9 miles",le specs,Intermix,52.0,0.0
148,Guitar Center,"https://maps.google.com/maps?daddr=1280+Willow+Pass+Rd,+Suite+A,+Concord,+CA+94520,+United+States",33,94123,google_shopping,le+specs+in+94123,"1280 Willow Pass Rd, Suite A, Concord·24.0 miles",le specs,Intermix,52.0,0.0
149,Store Locator – Le Specs,https://lespecs.com/pages/store-locator,1,19104,bing,le specs in 19104,,le specs,le specs Stockist Store Locator,97.5,1.0
150,Shop Le Specs Online | Nordstrom,https://www.nordstrom.com/brands/le-specs--8702,2,19104,bing,le specs in 19104,,le specs,le specs Stockist Store Locator,57.5,0.0
151,Le Specs,https://lespecs.com/,3,19104,bing,le specs in 19104,,le specs,le specs Stockist Store Locator,95.0,1.0
152,"19104, PA Real Estate & Homes for Sale | Redfin",https://www.redfin.com/zipcode/19104,4,19104,bing,le specs in 19104,,le specs,Maxwell James,39.5,0.0
153,"19104, PA Real Estate & Homes for Sale | Redfin",https://www.redfin.com/zipcode/19104,5,19104,bing,le specs in 19104,,le specs,Maxwell James,39.5,0.0
154,Amazon.com: Le Specs,https://www.amazon.com/stores/LeSpecs/Homepage/page/8204B423-D11E-4B85-BDF3-446564E98BB5,6,19104,bing,le specs in 19104,,le specs,le specs Stockist Store Locator,72.5,1.0
155,Le Specs Sunglasses Review - Must Read This Before …,https://www.honestbrandreviews.com/reviews/le-specs-sunglasses-review/,7,19104,bing,le specs in 19104,,le specs,le specs Stockist Store Locator,66.0,0.0
156,Le Specs,https://www.bing.com/rebates/welcome?url=https%3a%2f%2flespecs.com%2f&murl=https%3a%2f%2fclick.linksynergy.com%2fdeeplink%3fid%3dmsYS1Nvjv4c%26afsrc%3d1%26mid%3d50299%26murl%3dhttps%253a%252f%252flespecs.com%252f%26u1%3d&id=lespecs&name=Le+Specs&ra=10%&hash=e5eb49d84cfaf7a934fc4f859c88deeedecf122ac0b694028fa946afe7ff9da0&network=Rakuten,8,19104,bing,le specs in 19104,,le specs,le specs Stockist Store Locator,95.0,1.0
157,Home – Le Specs,https://intl.lespecs.com/pages/home,9,19104,bing,le specs in 19104,,le specs,le specs Stockist Store Locator,81.0,1.0
158,Le Specs | Selfridges,https://www.selfridges.com/GB/en/cat/le-specs/,10,19104,bing,le specs in 19104,,le specs,le specs Stockist Store Locator,57.5,0.0
159,"19104, PA Real Estate & Homes for Sale | Redfin",https://www.redfin.com/zipcode/19104,11,19104,bing,le specs in 19104,,le specs,Maxwell James,39.5,0.0
160,Le Specs Sunglasses for Women | Nordstrom,https://www.nordstrom.com/browse/women/accessories/sunglasses?filterByBrand=le-specs,12,19104,bing,le specs in 19104,,le specs,le specs Stockist Store Locator,53.5,0.0
161,Our Story – Le Specs,https://intl.lespecs.com/pages/our-story,13,19104,bing,le specs in 19104,,le specs,le specs Stockist Store Locator,75.5,1.0
162,Store Locator – Le Specs,https://lespecs.com/pages/store-locator,1,19104,yahoo,le specs in 19104,,le specs,le specs Stockist Store Locator,97.5,1.0
163,Stockists – Le Specs,https://intl.lespecs.com/pages/stockists,2,19104,yahoo,le specs in 19104,,le specs,le specs Stockist Store Locator,79.5,1.0
164,Shop Le Specs Online | Nordstrom,https://www.nordstrom.com/brands/le-specs--8702,3,19104,yahoo,le specs in 19104,,le specs,le specs Stockist Store Locator,57.5,0.0
165,Le Specs | Designer | NET-A-PORTER,https://www.net-a-porter.com/en-us/shop/designer/le-specs,4,19104,yahoo,le specs in 19104,,le specs,le specs Stockist Store Locator,57.5,0.0
166,Amazon.com: Le Specs,https://www.amazon.com/stores/LeSpecs/Homepage/page/8204B423-D11E-4B85-BDF3-446564E98BB5,5,19104,yahoo,le specs in 19104,,le specs,le specs Stockist Store Locator,72.5,1.0
167,Le Specs,https://lespecs.com/,6,19104,yahoo,le specs in 19104,,le specs,le specs Stockist Store Locator,95.0,1.0
168,Le Specs Sunglasses Review - Must Read This Before Buying,https://www.honestbrandreviews.com/reviews/le-specs-sunglasses-review/,7,19104,yahoo,le specs in 19104,,le specs,le specs Stockist Store Locator,64.0,0.0
169,Home – Le Specs,https://intl.lespecs.com/pages/home,8,19104,yahoo,le specs in 19104,,le specs,le specs Stockist Store Locator,81.0,1.0
170,"19104, PA Real Estate & Homes for Sale | Redfin",https://www.redfin.com/zipcode/19104,9,19104,yahoo,le specs in 19104,,le specs,Maxwell James,39.5,0.0
171,Le Specs | Selfridges,https://www.selfridges.com/GB/en/cat/le-specs/,10,19104,yahoo,le specs in 19104,,le specs,le specs Stockist Store Locator,57.5,0.0
172,1964 Pontiac Le Mans Hardtop Coupe full range specs,https://www.automobile-catalog.com/make/pontiac/le_mans_2gen/le_mans_2_hardtop/1964.html,11,19104,yahoo,le specs in 19104,,le specs,le specs Stockist Store Locator,67.5,0.0
173,"20 N 40th St #31 Apartments - Philadelphia, PA 19104",https://www.apartmentguide.com/apartments/Pennsylvania/Philadelphia/20-N-40th-St-31/4690521/,12,19104,yahoo,le specs in 19104,,le specs,Egan Philadelphia,84.5,1.0
174,Department of English,https://www.english.upenn.edu/graduate/working-groups/revision,1,19104,mojeek,le specs in 19104,,le specs,Egan Philadelphia,37.0,0.0
175,User Resources and Publications - Intellicyt,https://intellicyt.com/resources/complete-list-user-publications/,2,19104,mojeek,le specs in 19104,,le specs,le specs Stockist Store Locator,43.0,0.0
176,Rental Camper - Moëlan-Sur-Mer - Westfalia Westy 1 Westfalia,https://www.yescapa.com/motorhomes/19104/,3,19104,mojeek,le specs in 19104,,le specs,Threads On Main,39.0,0.0
177,Mise en place | ABPDF.COM,https://www.abpdf.com/pdf/mise-en-place.html,4,19104,mojeek,le specs in 19104,,le specs,Maxwell James,39.0,0.0
178,(PDF) The Overview Effect: Awe and Self-Transcendent Experience,https://www.researchgate.net/publication/298786174_The_Overview_Effect_Awe_and_Self-Transcendent_Experience_in_Space_Flight,5,19104,mojeek,le specs in 19104,,le specs,Everything But Water,36.5,0.0
179,#1 - Nifty trading strategies in hindi,http://binaryoptiontradingscam.com/nifty-trading-strategies-in-hindi.html,6,19104,mojeek,le specs in 19104,,le specs,Threads On Main,44.0,0.0
180,#1 - Forex in Paimas,http://allforexindicators.com/forex-in-paimas.html,7,19104,mojeek,le specs in 19104,,le specs,Egan Philadelphia,40.0,0.0
181,Hire Campervan - Moëlan-Sur-Mer - Westfalia Westy 1 Westfalia,https://www.yescapa.co.uk/motorhomes/19104/,8,19104,mojeek,le specs in 19104,,le specs,Threads On Main,39.0,0.0
182,Effects of Medicare comprehensive medication review on,https://bmchealthservres.biomedcentral.com/articles/10.1186/s12913-022-07483-8,9,19104,mojeek,le specs in 19104,,le specs,Threads On Main,57.5,0.0
183,Wrightslaw Pennsylvania Yellow Pages for Kids with Disabilities,https://www.yellowpagesforkids.com/help/pa.htm,10,19104,mojeek,le specs in 19104,,le specs,le specs Stockist Store Locator,38.0,0.0
184,Stockists - Le Specs,https://lespecs.com/pages/stockists,1,19104,startpage,le specs in 19104,,le specs,le specs Stockist Store Locator,79.5,1.0
185,Le Specs,https://lespecs.com/,2,19104,startpage,le specs in 19104,,le specs,le specs Stockist Store Locator,95.0,1.0
186,TRENTADUE | BLACK - Le Specs,https://lespecs.com/products/trentadue-black-lsh2187224,3,19104,startpage,le specs in 19104,,le specs,le specs Stockist Store Locator,60.5,0.0
187,ADORATION | ROSEWATER OPTICAL - Le Specs,https://lespecs.com/products/adoration-rosewater-optical-lso2126685,4,19104,startpage,le specs in 19104,,le specs,le specs Stockist Store Locator,58.5,0.0
188,HANKERING | BLACK - Le Specs,https://lespecs.com/products/hankering-black-lsp2352108,5,19104,startpage,le specs in 19104,,le specs,le specs Stockist Store Locator,53.5,0.0
189,NEMESIS | SHINY GUNMETAL - Le Specs,https://lespecs.com/products/nemesis-shiny-gunmetal-lsp2352120,6,19104,startpage,le specs in 19104,,le specs,le specs Stockist Store Locator,50.5,0.0
190,RIVER DEEP | BLACK GUNMETAL - Le Specs,https://lespecs.com/products/river-deep-black-gunmetal-lsp2202500,7,19104,startpage,le specs in 19104,,le specs,le specs Stockist Store Locator,50.5,0.0
191,HERO ALT FIT | GOLD SEASHELL - Le Specs,https://lespecs.com/products/hero-alt-fit-gold-seashell-lsh2287282,8,19104,startpage,le specs in 19104,,le specs,le specs Stockist Store Locator,53.5,0.0
192,Store Locator - Le Specs,https://lespecs.com/pages/store-locator,1,19104,duckduckgo,le specs in 19104,,le specs,le specs Stockist Store Locator,97.5,1.0
193,Le Specs | Designer | NET-A-PORTER,https://www.net-a-porter.com/en-us/shop/designer/le-specs,2,19104,duckduckgo,le specs in 19104,,le specs,le specs Stockist Store Locator,57.5,0.0
194,Shop Le Specs Online | Nordstrom,https://www.nordstrom.com/brands/le-specs--8702,3,19104,duckduckgo,le specs in 19104,,le specs,le specs Stockist Store Locator,57.5,0.0
195,Le Specs,https://lespecs.com/,4,19104,duckduckgo,le specs in 19104,,le specs,le specs Stockist Store Locator,95.0,1.0
196,Home - Le Specs,https://intl.lespecs.com/pages/home,5,19104,duckduckgo,le specs in 19104,,le specs,le specs Stockist Store Locator,81.0,1.0
197,Le Specs Sunglasses Review - Must Read This Before Buying,https://www.honestbrandreviews.com/reviews/le-specs-sunglasses-review/,6,19104,duckduckgo,le specs in 19104,,le specs,le specs Stockist Store Locator,64.0,0.0
198,Amazon.com: Le Specs Sunglasses,https://www.amazon.com/le-specs-sunglasses/s?k=le+specs+sunglasses,7,19104,duckduckgo,le specs in 19104,,le specs,le specs Stockist Store Locator,54.5,0.0
199,Le Specs,https://help.lespecs.com/hc/en-us,8,19104,duckduckgo,le specs in 19104,,le specs,le specs Stockist Store Locator,95.0,1.0
200,Men's Sunglasses Collection - Le Specs,https://intl.lespecs.com/collections/mens-sunglasses,9,19104,duckduckgo,le specs in 19104,,le specs,le specs Stockist Store Locator,52.5,0.0
201,Le Specs Sunglasses for Women | Nordstrom,https://www.nordstrom.com/browse/women/accessories/sunglasses?filterByBrand=le-specs,10,19104,duckduckgo,le specs in 19104,,le specs,le specs Stockist Store Locator,53.5,0.0
202,Store Locator – Le Specs,https://lespecs.com/pages/store-locator,1,19104,brave_search,le specs in 19104,,le specs,le specs Stockist Store Locator,97.5,1.0
203,Stockists – Le Specs,https://intl.lespecs.com/pages/stockists,2,19104,brave_search,le specs in 19104,,le specs,le specs Stockist Store Locator,79.5,1.0
204,Le Specs | Designer | NET-A-PORTER,https://www.net-a-porter.com/en-us/shop/designer/le-specs,3,19104,brave_search,le specs in 19104,,le specs,le specs Stockist Store Locator,57.5,0.0
205,Shop Le Specs Online | Nordstrom,https://www.nordstrom.com/brands/le-specs--8702,4,19104,brave_search,le specs in 19104,,le specs,le specs Stockist Store Locator,57.5,0.0
206,Amazon.com: Le Specs,https://www.amazon.com/stores/LeSpecs/Homepage/page/8204B423-D11E-4B85-BDF3-446564E98BB5,5,19104,brave_search,le specs in 19104,,le specs,le specs Stockist Store Locator,72.5,1.0
207,Le Specs,https://lespecs.com/,6,19104,brave_search,le specs in 19104,,le specs,le specs Stockist Store Locator,95.0,1.0
208,Home – Le Specs,https://intl.lespecs.com/pages/home,7,19104,brave_search,le specs in 19104,,le specs,le specs Stockist Store Locator,81.0,1.0
209,1964 Pontiac Le Mans Hardtop Coupe full range specs - Automobile-Catalog,https://www.automobile-catalog.com/make/pontiac/le_mans_2gen/le_mans_2_hardtop/1964.html,8,19104,brave_search,le specs in 19104,,le specs,le specs Stockist Store Locator,65.0,0.0
210,Le Specs | Selfridges,https://www.selfridges.com/GB/en/cat/le-specs/,9,19104,brave_search,le specs in 19104,,le specs,le specs Stockist Store Locator,57.5,0.0
211,Le Specs Sunglasses Review - Must Read This Before Buying,https://www.honestbrandreviews.com/reviews/le-specs-sunglasses-review/,10,19104,brave_search,le specs in 19104,,le specs,le specs Stockist Store Locator,64.0,0.0
212,Le Specs Sunglasses for Women | Nordstrom,https://www.nordstrom.com/browse/women/accessories/sunglasses?filterByBrand=le-specs,11,19104,brave_search,le specs in 19104,,le specs,le specs Stockist Store Locator,53.5,0.0
213,"19104, PA Real Estate & Homes for Sale | Redfin",https://www.redfin.com/zipcode/19104,12,19104,brave_search,le specs in 19104,,le specs,Maxwell James,39.5,0.0
214,"Amazon.com: Le Specs: Clothing, Shoes & Jewelry",https://www.amazon.com/Clothing-Shoes-Jewelry-Le-Specs/s?rh=n%3A7141123011%2Cp_4%3ALe+Specs,13,19104,brave_search,le specs in 19104,,le specs,le specs Stockist Store Locator,67.5,0.0
215,Pre-Owned 2021 Toyota RAV4 LE - hendrickcars.com,https://www.hendrickcars.com/hendrick-certified/Toyota/2021-Toyota-RAV4-8fd30d540a0e087f2ab12442d15ee103.htm,14,19104,brave_search,le specs in 19104,,le specs,le specs Stockist Store Locator,61.0,0.0
216,Dynaco Stereo 120 transistor power amplifier Specifications,https://www.stereophile.com/content/dynaco-stereo-120-transistor-power-amplifier-specifications,15,19104,brave_search,le specs in 19104,,le specs,le specs Stockist Store Locator,45.5,0.0
217,SOUTH CAROLINA DEPARTMENT OF TRANSPORTATION QUALIFIED PRE-BLENDED ...,http://info2.scdot.org/Materials/QualProd/88%20QPL.pdf,16,19104,brave_search,le specs in 19104,,le specs,South Moon Under,67.0,0.0
218,BACE Self-Contained Compactor SC35,https://www.bacecorp.com/wp-content/uploads/2020/08/BACE_Specs_SC35_Updated.pdf,17,19104,brave_search,le specs in 19104,,le specs,le specs Stockist Store Locator,45.0,0.0
219,"Used Toyota RAV4 Hybrid for Sale in Florence, SC | Edmunds",https://www.edmunds.com/used-toyota-rav4-hybrid-florence-sc/?pagenumber=2,18,19104,brave_search,le specs in 19104,,le specs,le specs Stockist Store Locator,39.0,0.0
220,Spec,https://www.yellowpages.com/philadelphia-pa/mip/spec-528436064,1,19104,yellow_pages,le specs 19104,,le specs,le specs Stockist Store Locator,56.5,0.0
221,Associated Building Spec,https://www.yellowpages.com/philadelphia-pa/mip/associated-building-spec-463044232,2,19104,yellow_pages,le specs 19104,,le specs,le specs Stockist Store Locator,36.0,0.0
222,Reliance National Risk Spec,https://www.yellowpages.com/philadelphia-pa/mip/reliance-national-risk-spec-453378467,3,19104,yellow_pages,le specs 19104,,le specs,Threads On Main,45.5,0.0
223,Mil-Spec Safety & Security,https://www.yellowpages.com/philadelphia-pa/mip/mil-spec-safety-security-568208677,4,19104,yellow_pages,le specs 19104,,le specs,le specs Stockist Store Locator,48.0,0.0
224,A Plus Periodontic Spec Care,https://www.yellowpages.com/philadelphia-pa/mip/a-plus-periodontic-spec-care-513078175,5,19104,yellow_pages,le specs 19104,,le specs,le specs Stockist Store Locator,44.0,0.0
225,Eyes Spec,https://www.yellowpages.com/philadelphia-pa/mip/eyes-spec-485788131,6,19104,yellow_pages,le specs 19104,,le specs,le specs Stockist Store Locator,45.0,0.0
226,Euro Spec Auto Care,https://www.yellowpages.com/philadelphia-pa/mip/euro-spec-auto-care-528192962,7,19104,yellow_pages,le specs 19104,,le specs,le specs Stockist Store Locator,46.0,0.0
227,UniformSpec,https://www.yellowpages.com/philadelphia-pa/mip/uniformspec-544238170,8,19104,yellow_pages,le specs 19104,,le specs,le specs Stockist Store Locator,38.0,0.0
228,Exhibit Installation Specs Inc,https://www.yellowpages.com/essington-pa/mip/exhibit-installation-specs-inc-7333987,9,19104,yellow_pages,le specs 19104,,le specs,le specs Stockist Store Locator,48.0,0.0
229,Sign Spec,https://www.yellowpages.com/pennsauken-nj/mip/sign-spec-460799206,10,19104,yellow_pages,le specs 19104,,le specs,Egan Philadelphia,39.0,0.0
230,AmSpec Services,https://www.yellowpages.com/mickleton-nj/mip/amspec-services-532544419,11,19104,yellow_pages,le specs 19104,,le specs,le specs Stockist Store Locator,43.5,0.0
231,Advanced Micro Computer Specs,https://www.yellowpages.com/plymouth-meeting-pa/mip/advanced-micro-computer-specs-517170967,12,19104,yellow_pages,le specs 19104,,le specs,le specs Stockist Store Locator,46.0,0.0
232,A Plus Periodontic Spec Care,https://www.yellowpages.com/fort-washington-pa/mip/a-plus-periodontic-spec-care-513077207,13,19104,yellow_pages,le specs 19104,,le specs,le specs Stockist Store Locator,44.0,0.0
233,Spec Tacular,https://www.yellowpages.com/morton-pa/mip/spec-tacular-527713831,14,19104,yellow_pages,le specs 19104,,le specs,le specs Stockist Store Locator,44.5,0.0
234,Med Spec,https://www.yellowpages.com/cinnaminson-nj/mip/med-spec-482434445,15,19104,yellow_pages,le specs 19104,,le specs,le specs Stockist Store Locator,49.5,0.0
235,G & L Threadgill Specs,https://www.yellowpages.com/newtown-square-pa/mip/g-l-threadgill-specs-571187380,16,19104,yellow_pages,le specs 19104,,le specs,le specs Stockist Store Locator,46.0,0.0
236,AllSpec Construction Inc,https://www.yellowpages.com/fort-washington-pa/mip/allspec-construction-inc-3216620,17,19104,yellow_pages,le specs 19104,,le specs,le specs Stockist Store Locator,45.5,0.0
237,Abington Orthopaedic Spec,https://www.yellowpages.com/warminster-pa/mip/abington-orthopaedic-spec-459602854,18,19104,yellow_pages,le specs 19104,,le specs,Threads On Main,50.0,0.0
238,Advanced Gastrointestinal Spec,https://www.yellowpages.com/voorhees-nj/mip/advanced-gastrointestinal-spec-3225866,19,19104,yellow_pages,le specs 19104,,le specs,le specs Stockist Store Locator,39.0,0.0
239,AmeriSpec,https://www.yellowpages.com/feasterville-trevose-pa/mip/amerispec-542433766,20,19104,yellow_pages,le specs 19104,,le specs,Maxwell James,44.0,0.0
240,AmeriSpec,https://www.yellowpages.com/sicklerville-nj/mip/amerispec-457426224,21,19104,yellow_pages,le specs 19104,,le specs,Maxwell James,44.0,0.0
241,Spec Industries,https://www.yellowpages.com/chester-pa/mip/spec-industries-10489901,22,19104,yellow_pages,le specs 19104,,le specs,le specs Stockist Store Locator,42.0,0.0
242,Voorhees Orthodontic Spec,https://www.yellowpages.com/voorhees-nj/mip/voorhees-orthodontic-spec-459695260,23,19104,yellow_pages,le specs 19104,,le specs,le specs Stockist Store Locator,45.0,0.0
243,Kauffman Foot & Ankle Spec,https://www.yellowpages.com/stratford-nj/mip/kauffman-foot-ankle-spec-12045085,24,19104,yellow_pages,le specs 19104,,le specs,South Moon Under,37.0,0.0
244,Spec-Ops Laser Tag,https://www.yellowpages.com/grenloch-nj/mip/spec-ops-laser-tag-535302556,25,19104,yellow_pages,le specs 19104,,le specs,le specs Stockist Store Locator,47.5,0.0
245,California Chemical Specs,https://www.yellowpages.com/marcus-hook-pa/mip/california-chemical-specs-460035118,26,19104,yellow_pages,le specs 19104,,le specs,le specs Stockist Store Locator,45.0,0.0
246,Goodwin Brothers Shades & Spec,https://www.yellowpages.com/claymont-de/mip/goodwin-brothers-shades-spec-451439441,27,19104,yellow_pages,le specs 19104,,le specs,Kin Boutique,43.5,0.0
247,Spec's for Less,https://www.yellowpages.com/claymont-de/mip/specs-for-less-475478524,28,19104,yellow_pages,le specs 19104,,le specs,le specs Stockist Store Locator,45.5,0.0
248,Specs for Less,https://www.yellowpages.com/claymont-de/mip/specs-for-less-468132042,29,19104,yellow_pages,le specs 19104,,le specs,le specs Stockist Store Locator,69.5,0.0
249,Spec Rep Associates,https://www.yellowpages.com/sicklerville-nj/mip/spec-rep-associates-451874482,30,19104,yellow_pages,le specs 19104,,le specs,le specs Stockist Store Locator,46.0,0.0
250,Le Specs Le Specs,https://lespecs.com/,1,19104,google_search,le+specs+in+19104,,le specs,le specs Stockist Store Locator,93.0,1.0
251,Stockists Le Specs,https://lespecs.com/pages/stockists,2,19104,google_search,le+specs+in+19104,,le specs,le specs Stockist Store Locator,79.5,1.0
252,DANG IT | SAND Le Specs,https://lespecs.com/products/dang-it-sand-lsh2187242,3,19104,google_search,le+specs+in+19104,,le specs,le specs Stockist Store Locator,56.5,0.0
253,TRENTADUE | BLACK Le Specs,https://lespecs.com/products/trentadue-black-lsh2187224,4,19104,google_search,le+specs+in+19104,,le specs,le specs Stockist Store Locator,60.5,0.0
254,ADORATION | ROSEWATER OPTICAL Le Specs,https://lespecs.com/products/adoration-rosewater-optical-lso2126685,5,19104,google_search,le+specs+in+19104,,le specs,le specs Stockist Store Locator,58.5,0.0
255,HANKERING | BLACK Le Specs,https://lespecs.com/products/hankering-black-lsp2352108,6,19104,google_search,le+specs+in+19104,,le specs,le specs Stockist Store Locator,53.5,0.0
256,RIVER DEEP | BLACK GUNMETAL Le Specs,https://lespecs.com/products/river-deep-black-gunmetal-lsp2202500,7,19104,google_search,le+specs+in+19104,,le specs,le specs Stockist Store Locator,50.5,0.0
257,Gris Tattoo Nordloh-Huftechnik,https://nordloh-huftechnik.de/gris-tattoo.html,8,19104,google_search,le+specs+in+19104,,le specs,South Moon Under,35.0,0.0
258,Gris Tattoo - Kompetenzen Individuell kompetenzen-individuell.de,https://kompetenzen-individuell.de/gris-tattoo.html,9,19104,google_search,le+specs+in+19104,,le specs,Egan Philadelphia,35.0,0.0
259,Custom Clothing Labels & Tags | Dutch Label Shop - US Dutch Label Shop,https://www.dutchlabelshop.com/,10,19104,google_search,le+specs+in+19104,,le specs,South Moon Under,37.5,0.0
260,Ussp - Kiosk Berlin kiosk-berlin.de,https://kiosk-berlin.de/en/ussp.html,11,19104,google_search,le+specs+in+19104,,le specs,Kin Boutique,40.5,0.0
261,Qinghua Zhao Upenn - 2023 scrfs.org.uk,https://scrfs.org.uk/748715-qinghua-zhao-upenn,12,19104,google_search,le+specs+in+19104,,le specs,South Moon Under,32.5,0.0
262,Qinghua Zhao Upenn 2023 - anlikciyyiz.net anlikciyyiz.net,https://anlikciyyiz.net/1394746-qinghua-zhao-upenn,13,19104,google_search,le+specs+in+19104,,le specs,Threads On Main,33.0,0.0
263,SLAPTRASH | BLACK Le Specs,https://intl.lespecs.com/products/slaptrash-black-lsu2329602,14,19104,google_search,le+specs+in+19104,,le specs,le specs Stockist Store Locator,60.5,0.0
264,N 39th St - 2023 top-top.space,https://top-top.space/942453-n-39th-st,15,19104,google_search,le+specs+in+19104,,le specs,le specs Stockist Store Locator,43.0,0.0
265,Indeed Jobs Pa 2023 - fismankesl.online fismankesl.online,https://fismankesl.online/1476438-indeed-jobs-pa,16,19104,google_search,le+specs+in+19104,,le specs,Threads On Main,38.5,0.0
266,3 Bedroom House For Rent $700 Near Me - 2023 - gogleem.uk gogleem.uk,https://gogleem.uk/859305-3-bedroom-house-for-rent-700-near-me,17,19104,google_search,le+specs+in+19104,,le specs,South Moon Under,36.0,0.0
267,Nomo Tv - Kunstschmied Gerhard Schwartinsky Emden kunstschmied-schwartinsky-emden.de,https://kunstschmied-schwartinsky-emden.de/nomo-tv.html,18,19104,google_search,le+specs+in+19104,,le specs,Everything But Water,36.0,0.0
268,Gris Tattoo - 2023 kvn.me.uk,https://kvn.me.uk/808636-gris-tattoo,19,19104,google_search,le+specs+in+19104,,le specs,Threads On Main,31.5,0.0
269,Bates Sisters Boutique Location - 2023 billions.me.uk,https://billions.me.uk/1007785-bates-sisters-boutique-location,20,19104,google_search,le+specs+in+19104,,le specs,Kin Boutique,83.0,1.0
270,Nordstrom,"https://maps.google.com/maps?daddr=190+N+Gulph+Rd,+King+of+Prussia,+PA+19406,+United+States",0,19104,google_shopping,le+specs+in+19104,"190 N Gulph Rd, King of Prussia·13.6 miles",le specs,Threads On Main,42.0,0.0
271,Madewell,"https://maps.google.com/maps?daddr=1729+Walnut+Street,+Philadelphia,+PA+19103,+United+States",1,19104,google_shopping,le+specs+in+19104,"1729 Walnut Street, Philadelphia·1.8 miles",le specs,Maxwell James,62.5,0.0
272,REI,"https://maps.google.com/maps?daddr=501+Rte+73+South,+Marlton,+NJ+08053,+United+States",2,19104,google_shopping,le+specs+in+19104,"501 Rte 73 South, Marlton·15.5 miles",le specs,Threads On Main,41.0,0.0
273,Madewell,"https://maps.google.com/maps?daddr=500+Rte+73+South,+Suite+C17-C18,+Marlton,+NJ+08053,+United+States",3,19104,google_shopping,le+specs+in+19104,"500 Rte 73 South, Suite C17-C18, Marlton·",le specs,Maxwell James,62.5,0.0
274,Madewell,"https://maps.google.com/maps?daddr=160+North+Gulph+Road,+Suite+1184A,+King+of+Prussia,+PA+19406,+United+States",4,19104,google_shopping,le+specs+in+19104,"160 North Gulph Road, Suite 1184A, King of Prussia",le specs,Maxwell James,62.5,0.0
275,Neiman Marcus,"https://maps.google.com/maps?daddr=170+North+Gulph+Road,+King+of+Prussia,+PA+19406,+United+States",5,19104,google_shopping,le+specs+in+19104,"170 North Gulph Road, King of Prussia·13.5 miles",le specs,Threads On Main,43.0,0.0
276,Macy's,"https://maps.google.com/maps?daddr=2500+W+Moreland+Rd,+Ste+3050,+Willow+Grove,+PA+19090,+United+States",6,19104,google_shopping,le+specs+in+19104,"2500 W Moreland Rd, Ste 3050, Willow Grove",le specs,Threads On Main,40.5,0.0
277,DICK'S Sporting Goods,"https://maps.google.com/maps?daddr=500+W+Germantown+Pike,+Plymouth+Meeting,+PA+19462,+United+States",7,19104,google_shopping,le+specs+in+19104,"500 W Germantown Pike, Plymouth Meeting",le specs,South Moon Under,38.0,0.0
278,DICK'S Sporting Goods,"https://maps.google.com/maps?daddr=Pennsylvania+724,+Pottstown,+PA+19465,+United+States",8,19104,google_shopping,le+specs+in+19104,"Pennsylvania 724, Pottstown·31.1 miles",le specs,South Moon Under,38.0,0.0
279,DICK'S Sporting Goods,"https://maps.google.com/maps?daddr=530+Nassau+Park+Blvd,+Princeton,+NJ+08540,+United+States",9,19104,google_shopping,le+specs+in+19104,"530 Nassau Park Blvd, Princeton·36.3 miles",le specs,South Moon Under,38.0,0.0
280,Macy's,"https://maps.google.com/maps?daddr=680+W+Dekalb+Pike,+King+Of+Prussia,+PA+19406,+United+States",10,19104,google_shopping,le+specs+in+19104,"680 W Dekalb Pike, King Of Prussia·13.5 miles",le specs,Threads On Main,40.5,0.0
281,REI,"https://maps.google.com/maps?daddr=3371+Us+Highway+1,+%2334,+Lawrenceville,+NJ+08648,+United+States",11,19104,google_shopping,le+specs+in+19104,"3371 Us Highway 1, #34, Lawrenceville·35.7 miles",le specs,Threads On Main,41.0,0.0
282,REI,"https://maps.google.com/maps?daddr=200+W+Ridge+Pike,+Ste+115,+Conshohocken,+PA+19428,+United+States",12,19104,google_shopping,le+specs+in+19104,"200 W Ridge Pike, Ste 115, Conshohocken·",le specs,Threads On Main,41.0,0.0
283,Sunglass Hut,"https://maps.google.com/maps?daddr=53+St+James+Pl,+%239-104,+Ardmore,+PA+19003,+United+States",13,19104,google_shopping,le+specs+in+19104,"53 St James Pl, #9-104, Ardmore·5.9 miles",le specs,Everything But Water,38.0,0.0
284,Sunglass Hut,"https://maps.google.com/maps?daddr=2000+Route+38,+Spc+1770,+Cherry+Hill,+NJ+08002,+United+States",14,19104,google_shopping,le+specs+in+19104,"2000 Route 38, Spc 1770, Cherry Hill·9.2 miles",le specs,Everything But Water,38.0,0.0
285,Macy's,"https://maps.google.com/maps?daddr=2399+Cottman+Ave,+Philadelphia,+PA+19149,+United+States",15,19104,google_shopping,le+specs+in+19104,"2399 Cottman Ave, Philadelphia·9.6 miles",le specs,Threads On Main,40.5,0.0
286,Sunglass Hut,"https://maps.google.com/maps?daddr=Route+38+%26+Lenola+Rd,+%23Kk06,+Moorestown,+NJ+08057,+United+States",16,19104,google_shopping,le+specs+in+19104,"Route 38 & Lenola Rd, #Kk06, Moorestown",le specs,Everything But Water,38.0,0.0
287,Sur La Table,"https://maps.google.com/maps?daddr=690+West+DeKalb+Pike,+Suite+2068,+King+of+Prussia,+PA+19406,+United+States",17,19104,google_shopping,le+specs+in+19104,"690 West DeKalb Pike, Suite 2068, King of Prussia",le specs,Maxwell James,39.0,0.0
288,Kohl's,"https://maps.google.com/maps?daddr=5851+Route+42,+Turnersville,+NJ+08012,+United+States",18,19104,google_shopping,le+specs+in+19104,"5851 Route 42, Turnersville·15.8 miles",le specs,South Moon Under,36.0,0.0
289,Best Buy,"https://maps.google.com/maps?daddr=1130+Easton+Rd,+Willow+Grove,+PA+19090,+United+States",19,19104,google_shopping,le+specs+in+19104,"1130 Easton Rd, Willow Grove·14.2 miles",le specs,South Moon Under,38.0,0.0
290,Best Buy,"https://maps.google.com/maps?daddr=1851+Deptford+Center+Rd,+Deptford,+NJ+08096,+United+States",20,19104,google_shopping,le+specs+in+19104,"1851 Deptford Center Rd, Deptford·10.7 miles",le specs,South Moon Under,38.0,0.0
291,Kohl's,"https://maps.google.com/maps?daddr=4437+Kirkwood+Hwy,+Wilmington,+DE+19808,+United+States",21,19104,google_shopping,le+specs+in+19104,"4437 Kirkwood Hwy, Wilmington·29.2 miles",le specs,South Moon Under,36.0,0.0
292,Road Runner Sports,"https://maps.google.com/maps?daddr=155+Village+Drive,+King+of+Prussia,+PA+19406,+United+States",22,19104,google_shopping,le+specs+in+19104,"155 Village Drive, King of Prussia·14.0 miles",le specs,le specs Stockist Store Locator,37.5,0.0
293,Kohl's,"https://maps.google.com/maps?daddr=405+Baltimore+Pike,+Morton,+PA+19070,+United+States",23,19104,google_shopping,le+specs+in+19104,"405 Baltimore Pike, Morton·7.7 miles",le specs,South Moon Under,36.0,0.0
294,Walmart,"https://maps.google.com/maps?daddr=1251+Centerville+Rd,+Wilmington,+DE+19808,+United+States",24,19104,google_shopping,le+specs+in+19104,"1251 Centerville Rd, Wilmington·27.3 miles",le specs,Maxwell James,34.5,0.0
295,Ace Hardware,"https://maps.google.com/maps?daddr=301+N+Harrison+St+%2312-Princeton+Shopping,+Princeton,+NJ+08540,+United+States",25,19104,google_shopping,le+specs+in+19104,"301 N Harrison St #12-Princeton Shopping, Princeton",le specs,Maxwell James,47.0,0.0
296,Ace Hardware,"https://maps.google.com/maps?daddr=318+State+Highway+33,+Mercerville,+NJ+08619,+United+States",26,19104,google_shopping,le+specs+in+19104,"318 State Highway 33, Mercerville·33.0 miles",le specs,Maxwell James,47.0,0.0
297,Ace Hardware,"https://maps.google.com/maps?daddr=720+W+Strasburg+Rd,+West+Chester,+PA+19382,+United+States",27,19104,google_shopping,le+specs+in+19104,"720 W Strasburg Rd, West Chester·22.5 miles",le specs,Maxwell James,47.0,0.0
298,Walmart,"https://maps.google.com/maps?daddr=820+Cooper+St,+Woodbury,+NJ+08096,+United+States",28,19104,google_shopping,le+specs+in+19104,"820 Cooper St, Woodbury·9.5 miles",le specs,Maxwell James,34.5,0.0
299,HardwareStore.com,"https://maps.google.com/maps?daddr=1726+Dekalb+Pike,+Blue+Bell,+PA+19422,+United+States",29,19104,google_shopping,le+specs+in+19104,"1726 Dekalb Pike, Blue Bell·14.4 miles",le specs,Threads On Main,41.0,0.0
300,HardwareStore.com,"https://maps.google.com/maps?daddr=4373+West+Swamp+Road,+Doylestown,+PA+18902,+United+States",30,19104,google_shopping,le+specs+in+19104,"4373 West Swamp Road, Doylestown·26.0 miles",le specs,Threads On Main,41.0,0.0
301,HardwareStore.com,"https://maps.google.com/maps?daddr=800+Bustleton+Pike,+Suite+A10,+Richboro,+PA+18954,+United+States",31,19104,google_shopping,le+specs+in+19104,"800 Bustleton Pike, Suite A10, Richboro·19.7 miles",le specs,Threads On Main,41.0,0.0
302,pointy.com/shops/usa/new-jersey/pennington/john-hart-farms-llc-dba-rosedale-mills,"https://maps.google.com/maps?daddr=101+New+Jersey+31,+Pennington,+NJ+08534,+United+States",32,19104,google_shopping,le+specs+in+19104,"101 New Jersey 31, Pennington·34.2 miles",le specs,Threads On Main,36.0,0.0
303,Grainger Industrial Supply,"https://maps.google.com/maps?daddr=819+E+Gate+Dr.,+Mt.+Laurel,+NJ+08054,+United+States",33,19104,google_shopping,le+specs+in+19104,"819 E Gate Dr., Mt. Laurel·13.2 miles",le specs,Threads On Main,42.0,0.0
304,Grainger Industrial Supply,"https://maps.google.com/maps?daddr=401+N.+8TH+St.,+Philadelphia,+PA+19123,+United+States",34,19104,google_shopping,le+specs+in+19104,"401 N. 8TH St., Philadelphia·2.6 miles",le specs,Threads On Main,42.0,0.0
305,Grainger Industrial Supply,"https://maps.google.com/maps?daddr=10401+Drummond+Rd.,+Philadelphia,+PA+19154,+United+States",35,19104,google_shopping,le+specs+in+19104,"10401 Drummond Rd., Philadelphia·13.7 miles",le specs,Threads On Main,42.0,0.0
306,Katy Liquor Stores - Shop Spec's Online For Curbside,https://specsonline.com/location/katy-mills/,1,77494,bing,le specs in 77494,,le specs,le specs Stockist Store Locator,48.0,0.0
307,Liquor Store Katy - Alcohol Delivery Spec's Beer & Wine …,https://specsonline.com/location/cinco-ranch/,2,77494,bing,le specs in 77494,,le specs,le specs Stockist Store Locator,68.5,0.0
308,Store Locator – Le Specs,https://lespecs.com/pages/store-locator,3,77494,bing,le specs in 77494,,le specs,le specs Stockist Store Locator,97.5,1.0
309,"Spec's Wines, Spirits & Finer Foods - Yelp",https://www.yelp.com/biz/specs-wines-spirits-and-finer-foods-katy-5,4,77494,bing,le specs in 77494,,le specs,le specs Stockist Store Locator,46.0,0.0
310,"Spec's 24940 Farm to Market 1093, Katy, TX 77494",https://www.restaurantji.com/tx/katy/specs-wines-spirits-and-finer-foods-/,5,77494,bing,le specs in 77494,,le specs,Stockist le specs,41.0,0.0
311,Shop Le Specs Online | Nordstrom,https://www.nordstrom.com/brands/le-specs--8702,6,77494,bing,le specs in 77494,,le specs,Stockist le specs,75.0,1.0
312,Le Specs,https://www.bing.com/rebates/welcome?url=https%3a%2f%2flespecs.com%2f&murl=https%3a%2f%2fclick.linksynergy.com%2fdeeplink%3fid%3dmsYS1Nvjv4c%26afsrc%3d1%26mid%3d50299%26murl%3dhttps%253a%252f%252flespecs.com%252f%26u1%3d&id=lespecs&name=Le+Specs&ra=10%&hash=e5eb49d84cfaf7a934fc4f859c88deeedecf122ac0b694028fa946afe7ff9da0&network=Rakuten,7,77494,bing,le specs in 77494,,le specs,Stockist le specs,95.0,1.0
313,Le Specs Sunglasses Review - Must Read This Before …,https://www.honestbrandreviews.com/reviews/le-specs-sunglasses-review/,8,77494,bing,le specs in 77494,,le specs,Stockist le specs,75.0,1.0
314,Home – Le Specs,https://intl.lespecs.com/pages/home,9,77494,bing,le specs in 77494,,le specs,le specs Stockist Store Locator,81.0,1.0
315,"Specs - Farm to Market 1093, Katy, TX 77494",https://www.businessyab.com/explore/united_states/texas/fort_bend_county/katy/farm_to_market_1093/specs.html,10,77494,bing,le specs in 77494,,le specs,Stockist le specs,65.5,0.0
316,Gaston Liquor Store - Katy Location Spec's Alcohol Delivery ...,https://specsonline.com/location/katy-gaston/,1,77494,yahoo,le specs in 77494,,le specs,le specs Stockist Store Locator,65.5,0.0
317,Store Locator – Le Specs,https://lespecs.com/pages/store-locator,2,77494,yahoo,le specs in 77494,,le specs,le specs Stockist Store Locator,97.5,1.0
318,Katy Liquor Stores - Shop Spec's Online For Curbside ...,https://specsonline.com/location/katy-mills/,3,77494,yahoo,le specs in 77494,,le specs,le specs Stockist Store Locator,48.0,0.0
319,"Spec's Wines, Spirits & Finer Foods - Yelp",https://www.yelp.com/biz/specs-wines-spirits-and-finer-foods-katy-5,4,77494,yahoo,le specs in 77494,,le specs,le specs Stockist Store Locator,46.0,0.0
320,"Spec's 24940 Farm to Market 1093, Katy, TX 77494 - Restaurantji",https://www.restaurantji.com/tx/katy/specs-wines-spirits-and-finer-foods-/,5,77494,yahoo,le specs in 77494,,le specs,Stockist le specs,35.5,0.0
321,Shop Le Specs Online | Nordstrom,https://www.nordstrom.com/brands/le-specs--8702,6,77494,yahoo,le specs in 77494,,le specs,Stockist le specs,75.0,1.0
322,Le Specs,https://lespecs.com/,7,77494,yahoo,le specs in 77494,,le specs,Stockist le specs,95.0,1.0
323,Le Specs Sunglasses Review - Must Read This Before Buying,https://www.honestbrandreviews.com/reviews/le-specs-sunglasses-review/,8,77494,yahoo,le specs in 77494,,le specs,Stockist le specs,75.0,1.0
324,Home – Le Specs,https://intl.lespecs.com/pages/home,9,77494,yahoo,le specs in 77494,,le specs,le specs Stockist Store Locator,81.0,1.0
325,"Spec's Wine, Spirits & Finer Foods - Katy, TX 77494",https://www.yellowpages.com/katy-tx/mip/specs-wine-spirits-finer-foods-482644801,10,77494,yahoo,le specs in 77494,,le specs,le specs Stockist Store Locator,44.5,0.0
326,Our Story – Le Specs,https://intl.lespecs.com/pages/our-story,11,77494,yahoo,le specs in 77494,,le specs,le specs Stockist Store Locator,75.5,1.0
327,Amazon.com: Le Specs,https://www.amazon.com/stores/LeSpecs/Homepage/page/8204B423-D11E-4B85-BDF3-446564E98BB5,12,77494,yahoo,le specs in 77494,,le specs,le specs Stockist Store Locator,72.5,1.0
328,"Owners of Mazda Mazda3 2007 in TX, US | VIN Search",https://carsowners.net/mazda/mazda3/2007/tx/page10,1,77494,mojeek,le specs in 77494,,le specs,Stockist le specs,32.5,0.0
329,"2021 Toyota Prius Prime for Sale Near Me: 153 Cars from $24,500",https://www.iseecars.com/used_cars-t5698-2021-toyota-prius-prime-for-sale,2,77494,mojeek,le specs in 77494,,le specs,le specs Stockist Store Locator,35.5,0.0
330,The Voice Of The Houston Chapter BMW Car Club Of America -,https://zbook.org/read/c7fafa_the-voice-of-the-houston-chapter-bmw-car-club-of-america-houston-bmw-cca.html,3,77494,mojeek,le specs in 77494,,le specs,le specs Stockist Store Locator,43.0,0.0
331,stampeantichebuzzanca.it/rwfbu,https://stampeantichebuzzanca.it/rwfbu,4,77494,mojeek,le specs in 77494,,le specs,le specs Stockist Store Locator,31.5,0.0
332,Store Locator /,https://www.cutlerandgross.com/storelocator,5,77494,mojeek,le specs in 77494,,le specs,le specs Stockist Store Locator,95.0,1.0
333,New 2022 Heartland North Trail 21RBSS Travel Trailer at RV,https://www.rvstationkaty.com/product/new-2022-heartland-north-trail-21rbss-1763205-29,6,77494,mojeek,le specs in 77494,,le specs,le specs Stockist Store Locator,35.5,0.0
334,Locations | Proper Optics,https://www.properoptics.com/locations,7,77494,mojeek,le specs in 77494,,le specs,le specs Stockist Store Locator,50.5,0.0
335,babymarkt123.de/carolina-skiff-facebook.html,https://babymarkt123.de/carolina-skiff-facebook.html,8,77494,mojeek,le specs in 77494,,le specs,le specs Stockist Store Locator,31.0,0.0
336,New or Used Class C Motorhomes For Sale - Camping World RV Sales,https://rv.campingworld.com/rvclass/class-c-rvs/dealer/houston-texas-katy,9,77494,mojeek,le specs in 77494,,le specs,le specs Stockist Store Locator,38.5,0.0
337,Energica Ego Plus electric bike Full Review - Motoped,https://motoped.com/energica-ego-plus-electric-motorcycle/,10,77494,mojeek,le specs in 77494,,le specs,le specs Stockist Store Locator,37.5,0.0
338,Katy Liquor Stores - Shop Spec's Online For Curbside & Alcohol ...,https://specsonline.com/location/katy-mills/,1,77494,startpage,le specs in 77494,,le specs,le specs Stockist Store Locator,47.0,0.0
339,Stockists - Le Specs,https://lespecs.com/pages/stockists,2,77494,startpage,le specs in 77494,,le specs,Stockist le specs,94.5,1.0
340,Le Specs,https://lespecs.com/,3,77494,startpage,le specs in 77494,,le specs,Stockist le specs,95.0,1.0
341,ADORATION | ROSEWATER OPTICAL - Le Specs,https://lespecs.com/products/adoration-rosewater-optical-lso2126685,4,77494,startpage,le specs in 77494,,le specs,Stockist le specs,75.0,1.0
342,Believer Collection - Le Specs,https://lespecs.com/collections/believer,5,77494,startpage,le specs in 77494,,le specs,Stockist le specs,75.0,1.0
343,"Spec's Katy, TX 77494 - Last Updated March 2023 - Yelp","https://m.yelp.com/search?find_desc=spec's&find_loc=Katy,+TX+77494",6,77494,startpage,le specs in 77494,,le specs,le specs Stockist Store Locator,39.5,0.0
344,"Spec's - Katy - Katy, TX - Drizly",https://drizly.com/spec-s-katy/s5690,7,77494,startpage,le specs in 77494,,le specs,le specs Stockist Store Locator,41.5,0.0
345,"Specs - Katy Mills - Katy, TX - Foursquare",https://foursquare.com/v/specs/51631b9be4b07472da114ed2,8,77494,startpage,le specs in 77494,,le specs,Stockist le specs,68.5,0.0
346,Spec's Stores in Katy TX | Store Hours & Locations - Tiendeo.us,https://www.tiendeo.us/Stores/katy-TX/specs,9,77494,startpage,le specs in 77494,,le specs,le specs Stockist Store Locator,70.5,1.0
347,SPEC'S Katy • 24417 Katy Freeway • Address & hours - Weekly-ads.us,https://weekly-ads.us/stores/katy/specs/24417-katy-freeway,10,77494,startpage,le specs in 77494,,le specs,le specs Stockist Store Locator,35.5,0.0
348,Katy Liquor Stores - Shop Spec's Online For Curbside & Alcohol Delivery,https://specsonline.com/location/katy-mills/,1,77494,duckduckgo,le specs in 77494,,le specs,le specs Stockist Store Locator,46.0,0.0
349,Liquor Store Katy - Alcohol Delivery Spec's Beer & Wine Curbside,https://specsonline.com/location/cinco-ranch/,2,77494,duckduckgo,le specs in 77494,,le specs,le specs Stockist Store Locator,66.0,0.0
350,Store Locator - Le Specs,https://lespecs.com/pages/store-locator,3,77494,duckduckgo,le specs in 77494,,le specs,le specs Stockist Store Locator,97.5,1.0
351,"Spec's Wines, Spirits & Finer Foods - Yelp",https://www.yelp.com/biz/specs-wines-spirits-and-finer-foods-katy-5,4,77494,duckduckgo,le specs in 77494,,le specs,le specs Stockist Store Locator,46.0,0.0
352,"Spec's 24940 Farm to Market 1093, Katy, TX 77494 - Restaurantji",https://www.restaurantji.com/tx/katy/specs-wines-spirits-and-finer-foods-/,5,77494,duckduckgo,le specs in 77494,,le specs,Stockist le specs,35.5,0.0
353,Shop Le Specs Online | Nordstrom,https://www.nordstrom.com/brands/le-specs--8702,6,77494,duckduckgo,le specs in 77494,,le specs,Stockist le specs,75.0,1.0
354,Le Specs,https://lespecs.com/,7,77494,duckduckgo,le specs in 77494,,le specs,Stockist le specs,95.0,1.0
355,Home - Le Specs,https://intl.lespecs.com/pages/home,8,77494,duckduckgo,le specs in 77494,,le specs,le specs Stockist Store Locator,81.0,1.0
356,Crumbl Cookies - Freshly Baked & Home Delivered Cookies,https://crumblcookies.com/stores,9,77494,duckduckgo,le specs in 77494,,le specs,le specs Stockist Store Locator,36.5,0.0
357,Our Story - Le Specs,https://intl.lespecs.com/pages/our-story,10,77494,duckduckgo,le specs in 77494,,le specs,le specs Stockist Store Locator,75.5,1.0
358,Katy Liquor Stores - Shop Spec's Online For Curbside & Alcohol Delivery,https://specsonline.com/location/katy-mills/,1,77494,brave_search,le specs in 77494,,le specs,le specs Stockist Store Locator,46.0,0.0
359,Liquor Store Katy - Alcohol Delivery Spec's Beer & Wine Curbside,https://specsonline.com/location/cinco-ranch/,2,77494,brave_search,le specs in 77494,,le specs,le specs Stockist Store Locator,66.0,0.0
360,Store Locator – Le Specs,https://lespecs.com/pages/store-locator,3,77494,brave_search,le specs in 77494,,le specs,le specs Stockist Store Locator,97.5,1.0
361,"Spec's Wines, Spirits & Finer Foods - Yelp",https://www.yelp.com/biz/specs-wines-spirits-and-finer-foods-katy-5,4,77494,brave_search,le specs in 77494,,le specs,le specs Stockist Store Locator,46.0,0.0
362,"Spec's 24940 Farm to Market 1093, Katy, TX 77494 - Restaurantji",https://www.restaurantji.com/tx/katy/specs-wines-spirits-and-finer-foods-/,5,77494,brave_search,le specs in 77494,,le specs,Stockist le specs,35.5,0.0
363,Shop Le Specs Online | Nordstrom,https://www.nordstrom.com/brands/le-specs--8702,6,77494,brave_search,le specs in 77494,,le specs,Stockist le specs,75.0,1.0
364,Le Specs,https://lespecs.com/,7,77494,brave_search,le specs in 77494,,le specs,Stockist le specs,95.0,1.0
365,Le Specs Sunglasses Review - Must Read This Before Buying,https://www.honestbrandreviews.com/reviews/le-specs-sunglasses-review/,8,77494,brave_search,le specs in 77494,,le specs,Stockist le specs,75.0,1.0
366,Our Story – Le Specs,https://intl.lespecs.com/pages/our-story,9,77494,brave_search,le specs in 77494,,le specs,le specs Stockist Store Locator,75.5,1.0
367,"Spec's Wine, Spirits & Finer Foods - Katy, TX 77494 - Yellow Pages",https://www.yellowpages.com/katy-tx/mip/specs-wine-spirits-finer-foods-482644801,10,77494,brave_search,le specs in 77494,,le specs,Stockist le specs,41.0,0.0
368,"Spec's Wines, Spirits & Finer Foods - MapQuest",https://www.mapquest.com/us/texas/specs-wines-spirits-finer-foods-286062518,11,77494,brave_search,le specs in 77494,,le specs,le specs Stockist Store Locator,43.0,0.0
369,Contact Us – Le Specs,https://au.lespecs.com/pages/contact-us,12,77494,brave_search,le specs in 77494,,le specs,Stockist le specs,65.5,0.0
370,Le Specs - Official Page - Home - Facebook,https://www.facebook.com/LeSpecs/,13,77494,brave_search,le specs in 77494,,le specs,Stockist le specs,75.0,1.0
371,"77494, Katy, TX Zip Code Map - MapQuest",https://www.mapquest.com/us/texas/77494-tx-286300555,14,77494,brave_search,le specs in 77494,,le specs,Stockist le specs,33.5,0.0
372,"Spec's Delivery in Katy, TX | Instacart",https://www.instacart.com/retailer/specs-delivery/tx/near-me-in-katy-tx,15,77494,brave_search,le specs in 77494,,le specs,le specs Stockist Store Locator,39.5,0.0
373,Used 2020 Toyota Corolla LE in Boardman OH | 5YFEPRAE7LP100722 | Toyota ...,https://www.toyotaofboardman.com/vehicle/5yfeprae7lp100722/,16,77494,brave_search,le specs in 77494,,le specs,le specs Stockist Store Locator,60.5,0.0
374,New 2023 Toyota Corolla LE in Boardman OH | JTDB4MEE6PJ003773 | Toyota ...,https://www.toyotaofboardman.com/vehicle/jtdb4mee6pj003773/,17,77494,brave_search,le specs in 77494,,le specs,le specs Stockist Store Locator,59.5,0.0
375,Katy Liquor Stores - Shop Spec's Online For Curbside & ... Spec's Online,https://specsonline.com/location/katy-mills/,1,77494,google_search,le+specs+in+77494,,le specs,le specs Stockist Store Locator,49.5,0.0
376,Stockists Le Specs,https://lespecs.com/pages/stockists,2,77494,google_search,le+specs+in+77494,,le specs,Stockist le specs,97.0,1.0
377,Le Specs,https://lespecs.com/,3,77494,google_search,le+specs+in+77494,,le specs,Stockist le specs,95.0,1.0
378,"Spec's Katy, TX 77494 - Last Updated March 2023 Yelp",https://m.yelp.com/search?find_desc=spec%27s&find_loc=Katy%2C+TX+77494,4,77494,google_search,le+specs+in+77494,,le specs,le specs Stockist Store Locator,39.5,0.0
379,"Spec's - Katy - Katy, TX Drizly",https://drizly.com/spec-s-katy/s5690,5,77494,google_search,le+specs+in+77494,,le specs,le specs Stockist Store Locator,42.0,0.0
380,"Specs - Katy Mills - Katy, TX Foursquare",https://foursquare.com/v/specs/51631b9be4b07472da114ed2,6,77494,google_search,le+specs+in+77494,,le specs,Stockist le specs,68.5,0.0
381,Spec's Stores in Katy TX | Store Hours & Locations Tiendeo.us,https://www.tiendeo.us/Stores/katy-TX/specs,7,77494,google_search,le+specs+in+77494,,le specs,le specs Stockist Store Locator,70.5,1.0
382, ,"https://specsonline.com/about-us/#:~:text=Spec's%20Celebrates%2060th%20Anniversary&text=Now%20with%20over%20180%20locations,of%20the%20Lone%20Star%20State.",8,77494,google_search,le+specs+in+77494,,le specs,Stockist le specs,0.0,0.0
383, ,"https://specsonline.com/location/dallas-central-expy/#:~:text=Spec's%20%2D%20Dallas&text=Monday%2DSaturday%2C%2010am%2D9pm,Deli%20is%20open%20until%207pm.&text=Welcome%20to%20Spec's%20Wines%2C%20Spirits,operated%20beverage%20superstore%20since%201962.",9,77494,google_search,le+specs+in+77494,,le specs,Stockist le specs,0.0,0.0
384,SPEC'S Katy • 24417 Katy Freeway • Address & hours Weekly-ads.us,https://weekly-ads.us/stores/katy/specs/24417-katy-freeway,10,77494,google_search,le+specs+in+77494,,le specs,le specs Stockist Store Locator,35.5,0.0
385,Women's Sunglasses | Polarized Le Specs,https://lespecs.com/collections/womens-sunglasses-polarised,11,77494,google_search,le+specs+in+77494,,le specs,Stockist le specs,75.0,1.0
386,DANG IT | SAND,https://lespecs.com/products/dang-it-sand-lsh2187242,12,77494,google_search,le+specs+in+77494,,le specs,le specs Stockist Store Locator,28.0,0.0
387,Miller Outdoor Theatre | What's On at Miller Miller Outdoor Theatre,https://www.milleroutdoortheatre.com/,13,77494,google_search,le+specs+in+77494,,le specs,le specs Stockist Store Locator,40.5,0.0
388,5e 9 d-pluck.cfd,https://d-pluck.cfd/78914,14,77494,google_search,le+specs+in+77494,,le specs,Stockist le specs,35.0,0.0
389,Aerie Le Specs Out Of Love Sunglasses Dulles Town Center,https://www.shopdullestowncenter.com/shopnow/product/le-specs-out-of-love-sunglasses-aerie-907e08,15,77494,google_search,le+specs+in+77494,,le specs,Stockist le specs,75.0,1.0
390,Houston Texas Apartments Under 700 - 2023 - satirof.uk satirof.uk,https://satirof.uk/773815-houston-texas-apartments-under-700,16,77494,google_search,le+specs+in+77494,,le specs,le specs Stockist Store Locator,36.5,0.0
391,Dr Johnny Mai - 2023 serdars.org.uk,https://serdars.org.uk/786963-dr-johnny-mai,17,77494,google_search,le+specs+in+77494,,le specs,le specs Stockist Store Locator,33.0,0.0
392,Yokai Watch 2 Sells a Whopping 1 3 Million Copies in Launch ... lcctt.me.uk,https://lcctt.me.uk/666828-yokai-watch-2-sells-a-whopping-1-3-million-copies-in-launch-week-boosts-3ds-sales,18,77494,google_search,le+specs+in+77494,,le specs,le specs Stockist Store Locator,33.5,0.0
393,Tommy Hilfiger Mens Fleece Shorts - 2023 - skye-ross.uk skye-ross.uk,https://skye-ross.uk/1022198-tommy-hilfiger-mens-fleece-shorts,19,77494,google_search,le+specs+in+77494,,le specs,le specs Stockist Store Locator,40.0,0.0
394,Buy Le Specs sunglasses online at low prices - Edel-Optics edel-optics.com,https://www.edel-optics.com/Le-Specs-Sunglasses.html,20,77494,google_search,le+specs+in+77494,,le specs,Stockist le specs,75.0,1.0
395,Nordstrom,"https://maps.google.com/maps?daddr=1201+Lake+Woodlands+Drive,+Ste+300,+The+Woodlands,+TX+77380,+United+States",0,77494,google_shopping,le+specs+in+77494,"1201 Lake Woodlands Drive, Ste 300, The Woodlands",le specs,le specs Stockist Store Locator,32.5,0.0
396,Neiman Marcus,"https://maps.google.com/maps?daddr=2600+Post+Oak+Boulevard,+Houston,+TX+77056,+United+States",1,77494,google_shopping,le+specs+in+77494,"2600 Post Oak Boulevard, Houston·21.8 miles",le specs,le specs Stockist Store Locator,29.5,0.0
397,REI,"https://maps.google.com/maps?daddr=18750+Gulf+Freeway,+Friendswood,+TX+77546,+United+States",2,77494,google_shopping,le+specs+in+77494,"18750 Gulf Freeway, Friendswood·42.5 miles",le specs,le specs Stockist Store Locator,29.0,0.0
398,Nordstrom,"https://maps.google.com/maps?daddr=5192+Hidalgo+St,+Houston,+TX+77056,+United+States",3,77494,google_shopping,le+specs+in+77494,"5192 Hidalgo St, Houston·21.6 miles",le specs,le specs Stockist Store Locator,32.5,0.0
399,REI,"https://maps.google.com/maps?daddr=7538+Westheimer+Rd,+Houston,+TX+77063,+United+States",4,77494,google_shopping,le+specs+in+77494,"7538 Westheimer Rd, Houston·19.3 miles",le specs,le specs Stockist Store Locator,29.0,0.0
400,Sunglass Hut,"https://maps.google.com/maps?daddr=16535+Southwest+Fwy,+%23+3005,+Sugar+Land,+TX+77479,+United+States",5,77494,google_shopping,le+specs+in+77494,"16535 Southwest Fwy, # 3005, Sugar Land·",le specs,le specs Stockist Store Locator,29.5,0.0
401,Sunglass Hut,"https://maps.google.com/maps?daddr=2507+Amherst,+Spc+%23Dok,+Houston,+TX+77005,+United+States",6,77494,google_shopping,le+specs+in+77494,"2507 Amherst, Spc #Dok, Houston·24.5 miles",le specs,le specs Stockist Store Locator,29.5,0.0
402,Sunglass Hut,"https://maps.google.com/maps?daddr=1488+Willowbrook+Mall,+%231154,+Houston,+TX+77070,+United+States",7,77494,google_shopping,le+specs+in+77494,"1488 Willowbrook Mall, #1154, Houston·22.9 miles",le specs,le specs Stockist Store Locator,29.5,0.0
403,Macy's,"https://maps.google.com/maps?daddr=4000+Willowbrook+Mall,+Houston,+TX+77070,+United+States",8,77494,google_shopping,le+specs+in+77494,"4000 Willowbrook Mall, Houston·22.8 miles",le specs,Stockist le specs,34.5,0.0
404,Macy's,"https://maps.google.com/maps?daddr=200+Baybrook+Mall,+Friendswood,+TX+77546,+United+States",9,77494,google_shopping,le+specs+in+77494,"200 Baybrook Mall, Friendswood·42.8 miles",le specs,Stockist le specs,34.5,0.0
405,Macy's,"https://maps.google.com/maps?daddr=11200+Broadway+St,+Ste+950,+Pearland,+TX+77584,+United+States",10,77494,google_shopping,le+specs+in+77494,"11200 Broadway St, Ste 950, Pearland·29.0 miles",le specs,Stockist le specs,34.5,0.0
406,REI,"https://maps.google.com/maps?daddr=17717+Tomball+Pkwy,+Houston,+TX+77064,+United+States",11,77494,google_shopping,le+specs+in+77494,"17717 Tomball Pkwy, Houston·22.5 miles",le specs,le specs Stockist Store Locator,29.0,0.0
407,Dillard's,"https://maps.google.com/maps?daddr=4925+Westheimer+Rd,+Houston,+TX+77056,+United+States",12,77494,google_shopping,le+specs+in+77494,"4925 Westheimer Rd, Houston·21.9 miles",le specs,le specs Stockist Store Locator,34.0,0.0
408,Ace Hardware,"https://maps.google.com/maps?daddr=2422+Bay+Area+Blvd+%23A,+Houston,+TX+77058,+United+States",13,77494,google_shopping,le+specs+in+77494,"2422 Bay Area Blvd #A, Houston·44.5 miles",le specs,le specs Stockist Store Locator,30.0,0.0
409,Hibbett Sports,"https://maps.google.com/maps?daddr=2827+Highway+36+S,+Brenham,+TX+77833,+United+States",14,77494,google_shopping,le+specs+in+77494,"2827 Highway 36 S, Brenham·44.0 miles",le specs,Stockist le specs,39.0,0.0
410,Ace Hardware,"https://maps.google.com/maps?daddr=1720+S+Mason+Rd,+Katy,+TX+77450,+United+States",15,77494,google_shopping,le+specs+in+77494,"1720 S Mason Rd, Katy·5.1 miles",le specs,le specs Stockist Store Locator,30.0,0.0
411,Dillard's,"https://maps.google.com/maps?daddr=900+Memorial+City+Way,+Houston,+TX+77024,+United+States",16,77494,google_shopping,le+specs+in+77494,"900 Memorial City Way, Houston·17.4 miles",le specs,le specs Stockist Store Locator,34.0,0.0
412,Ace Hardware,"https://maps.google.com/maps?daddr=2027+N+Main+St,+Pearland,+TX+77581,+United+States",17,77494,google_shopping,le+specs+in+77494,"2027 N Main St, Pearland·34.4 miles",le specs,le specs Stockist Store Locator,30.0,0.0
413,Kohl's,"https://maps.google.com/maps?daddr=5660+Highway+6,+Missouri+City,+TX+77459,+United+States",18,77494,google_shopping,le+specs+in+77494,"5660 Highway 6, Missouri City·19.1 miles",le specs,Stockist le specs,35.5,0.0
414,Kohl's,"https://maps.google.com/maps?daddr=16640+Interstate+45+S,+Conroe,+TX+77384,+United+States",19,77494,google_shopping,le+specs+in+77494,"16640 Interstate 45 S, Conroe·39.4 miles",le specs,Stockist le specs,35.5,0.0
415,Dillard's,"https://maps.google.com/maps?daddr=600+Baybrook+Mall,+Friendswood,+TX+77546,+United+States",20,77494,google_shopping,le+specs+in+77494,"600 Baybrook Mall, Friendswood·42.7 miles",le specs,le specs Stockist Store Locator,34.0,0.0
416,Academy Sports + Outdoors,"https://maps.google.com/maps?daddr=23155+Katy+Freeway,+Katy,+TX+77450,+United+States",21,77494,google_shopping,le+specs+in+77494,"23155 Katy Freeway, Katy·5.0 miles",le specs,le specs Stockist Store Locator,43.5,0.0
417,Academy Sports + Outdoors,"https://maps.google.com/maps?daddr=1360+Lake+Woodlands+Drive,+The+Woodlands,+TX+77380,+United+States",22,77494,google_shopping,le+specs+in+77494,"1360 Lake Woodlands Drive, The Woodlands",le specs,le specs Stockist Store Locator,43.5,0.0
418,Academy Sports + Outdoors,"https://maps.google.com/maps?daddr=21351+Gulf+Freeway,+Webster,+TX+77598,+United+States",23,77494,google_shopping,le+specs+in+77494,"21351 Gulf Freeway, Webster·44.9 miles",le specs,le specs Stockist Store Locator,43.5,0.0
419,DICK'S Sporting Goods,"https://maps.google.com/maps?daddr=700+Meyerland+Plaza,+Houston,+TX+77096,+United+States",24,77494,google_shopping,le+specs+in+77494,"700 Meyerland Plaza, Houston·22.0 miles",le specs,le specs Stockist Store Locator,38.0,0.0
420,DICK'S Sporting Goods,"https://maps.google.com/maps?daddr=20131+Us-59+N,+Ste+700,+Humble,+TX+77338,+United+States",25,77494,google_shopping,le+specs+in+77494,"20131 Us-59 N, Ste 700, Humble·38.0 miles",le specs,le specs Stockist Store Locator,38.0,0.0
421,Golf Galaxy,"https://maps.google.com/maps?daddr=5078+Richmond+Ave,+Houston,+TX+77056,+United+States",26,77494,google_shopping,le+specs+in+77494,"5078 Richmond Ave, Houston·21.7 miles",le specs,le specs Stockist Store Locator,25.5,0.0
422,Golf Galaxy,"https://maps.google.com/maps?daddr=25415+N+Ih-45,+Ste+B,+Spring,+TX+77380,+United+States",27,77494,google_shopping,le+specs+in+77494,"25415 N Ih-45, Ste B, Spring·35.3 miles",le specs,le specs Stockist Store Locator,25.5,0.0
423,sunandski.com,"https://maps.google.com/maps?daddr=6100+Westheimer+Rd,+Ste+126,+Houston,+TX+77057,+United+States",28,77494,google_shopping,le+specs+in+77494,"6100 Westheimer Rd, Ste 126, Houston·20.0 miles",le specs,Stockist le specs,33.0,0.0
424,League City & Gateway Ace Hardware,"https://maps.google.com/maps?daddr=1915+West+League+City+Parkway,+Suite+100,+League+City,+TX+77573,+United+States",29,77494,google_shopping,le+specs+in+77494,"1915 West League City Parkway, Suite 100, League City",le specs,le specs Stockist Store Locator,37.5,0.0
425,Crosby Hardware,"https://maps.google.com/maps?daddr=5419+Fm+2100,+Crosby,+TX+77532,+United+States",30,77494,google_shopping,le+specs+in+77494,"5419 Fm 2100, Crosby·46.8 miles",le specs,le specs Stockist Store Locator,30.0,0.0
426,McCoy's Building Supply,"https://maps.google.com/maps?daddr=20341+Eva+Street,+Montgomery,+TX+77356,+United+States",31,77494,google_shopping,le+specs+in+77494,"20341 Eva Street, Montgomery·45.6 miles",le specs,Stockist le specs,32.5,0.0
427,McCoy's Building Supply,"https://maps.google.com/maps?daddr=675+FM+517,+Alvin,+TX+77511,+United+States",32,77494,google_shopping,le+specs+in+77494,"675 FM 517, Alvin·41.9 miles",le specs,Stockist le specs,32.5,0.0
428,Grainger Industrial Supply,"https://maps.google.com/maps?daddr=1222+S+Loop+W,+Houston,+TX+77054,+United+States",33,77494,google_shopping,le+specs+in+77494,"1222 S Loop W, Houston·26.1 miles",le specs,Stockist le specs,32.5,0.0
429,Grainger Industrial Supply,"https://maps.google.com/maps?daddr=1251+Hall+Court,+Deer+Park,+TX+77536,+United+States",34,77494,google_shopping,le+specs+in+77494,"1251 Hall Court, Deer Park·43.7 miles",le specs,Stockist le specs,32.5,0.0
430,Grainger Industrial Supply,"https://maps.google.com/maps?daddr=17010+Katy+Fwy.,+Houston,+TX+77094,+United+States",35,77494,google_shopping,le+specs+in+77494,"17010 Katy Fwy., Houston·9.4 miles",le specs,Stockist le specs,32.5,0.0
431,Cycle Gear,"https://maps.google.com/maps?daddr=24727+Katy+Freeway,+Houston,+TX+77494,+United+States",36,77494,google_shopping,le+specs+in+77494,"24727 Katy Freeway, Houston·4.5 miles",le specs,Stockist le specs,33.5,0.0
432,Cycle Gear,"https://maps.google.com/maps?daddr=7204+Southwest+Freeway,+Houston,+TX+77074,+United+States",37,77494,google_shopping,le+specs+in+77494,"7204 Southwest Freeway, Houston·18.8 miles",le specs,Stockist le specs,33.5,0.0
433,Cycle Gear,"https://maps.google.com/maps?daddr=10998+North+Freeway+Service+Road,+Suite+D,+Houston,+TX+77037,+United+States",38,77494,google_shopping,le+specs+in+77494,"10998 North Freeway Service Road, Suite D, Houston",le specs,Stockist le specs,33.5,0.0
0,Heidi Says,https://www.google.com/maps/dir/?api=1&destination=2426%20Fillmore%20St%20San%20Francisco%20CA%2094115%20USA,1,94123,store_locator,le specs,"2426 Fillmore St, San Francisco, CA  94115, USA",,,,
1,Urban Outfitters,https://www.google.com/maps/dir/?api=1&destination=80%20Powell%20St%20San%20Francisco%20CALIFORNIA%2094102%20USA,2,94123,store_locator,le specs,"80 Powell St, San Francisco, CALIFORNIA  94102, USA",,,,
2,Two Birds,https://www.google.com/maps/dir/?api=1&destination=1309%20Castro%20Street%20San%20Francisco%20CA%2094114%20USA,3,94123,store_locator,le specs,"1309 Castro Street, San Francisco, CA  94114, USA",,,,
3,Style Typology,https://www.google.com/maps/dir/?api=1&destination=110%20Mar%20West%20Tiburon%20CA%2094920%20USA,4,94123,store_locator,le specs,"110 Mar West, Tiburon, CA  94920, USA",,,,
4,Ch Good Stock,https://www.google.com/maps/dir/?api=1&destination=4200%20Piedmont%20Ave%20Oaklan%20CA%20USA,5,94123,store_locator,le specs,"4200 Piedmont Ave, Oaklan, CA , USA",,,,
5,Eyewear Love Affair,https://www.google.com/maps/dir/?api=1&destination=Unit%20G%20209%20Richmond%20CA%2094806%20USA,6,94123,store_locator,le specs,"Unit G 209, Richmond, CA  94806, USA",,,,
6,Good Neighbor,https://www.google.com/maps/dir/?api=1&destination=4200%20Piedmont%20Ave%20Oakland%20CA%2094611%20USA,7,94123,store_locator,le specs,"4200 Piedmont Ave, Oakland, CA  94611, USA",,,,
7,Intermix,https://www.google.com/maps/dir/?api=1&destination=2409%20Lakspur%20Landing%20Cir%20Larkspur%20CALIFORNIA%2094939%20USA,8,94123,store_locator,le specs,"2409 Lakspur Landing Cir, Larkspur, CALIFORNIA  94939, USA",,,,
8,Muse,https://www.google.com/maps/dir/?api=1&destination=454%20Weldon%20Ave%20Oakland%20CA%2094610%20USA,9,94123,store_locator,le specs,"454 Weldon Ave, Oakland, CA  94610, USA",,,,
9,Fever Boutique,https://www.google.com/maps/dir/?api=1&destination=65%20Broadway%20Blvd%20Fairfax%20CA%20USA,10,94123,store_locator,le specs,"65 Broadway Blvd, Fairfax, CA , USA",,,,
10,Egan Philadelphia,https://www.google.com/maps/dir/?api=1&destination=The%20Rittenhouse%20Hotel%20Philadelphia%2C%20PA%2019103%20USA,1,19104,store_locator,le specs,"The Rittenhouse Hotel, Philadelphia,, PA  19103, USA",,,,
11,South Moon Under,https://www.google.com/maps/dir/?api=1&destination=1731%20Chestnut%20St%20Philadelphia%20PENNSYLVANIA%2019103%20USA,2,19104,store_locator,le specs,"1731 Chestnut St, Philadelphia, PENNSYLVANIA  19103, USA",,,,
12,Kin Boutique,https://www.google.com/maps/dir/?api=1&destination=1014%20Pine%20Street%20Philadelphia%20PA%2019107%20United%20States,3,19104,store_locator,le specs,"1014 Pine Street, Philadelphia, PA  19107, United States",,,,
13,Threads On Main,https://www.google.com/maps/dir/?api=1&destination=4353%20Main%20St%20Philadelphia%20PENNSYLVANIA%2019127%20USA,4,19104,store_locator,le specs,"4353 Main St, Philadelphia, PENNSYLVANIA  19127, USA",,,,
14,Threads on Main,https://www.google.com/maps/dir/?api=1&destination=304%20Delmar%20St%20Philadelphia%20PA%2019127%20United%20States,5,19104,store_locator,le specs,"304 Delmar St, Philadelphia, PA  19127, United States",,,,
15,Maxwell James,https://www.google.com/maps/dir/?api=1&destination=137%20Kings%20Highway%20East%20Haddonfield%20NEW%20JERSEY%208033%20USA,6,19104,store_locator,le specs,"137 Kings Highway East, Haddonfield, NEW JERSEY  8033, USA",,,,
16,Maxwell James,https://www.google.com/maps/dir/?api=1&destination=137%20Kings%20Highway%20East%20Haddonfield%20NJ%208033%20United%20States,7,19104,store_locator,le specs,"137 Kings Highway East, Haddonfield, NJ  8033, United States",,,,
17,South Moon Under,https://www.google.com/maps/dir/?api=1&destination=205%20West%20Lancaster%20Ave%20Wayne%20PENNSYLVANIA%2019087%20USA,8,19104,store_locator,le specs,"205 West Lancaster Ave, Wayne, PENNSYLVANIA  19087, USA",,,,
18,Everything But Water,https://www.google.com/maps/dir/?api=1&destination=King%20of%20Prussia%20King%20of%20Prussia%20PA%2019406%20United%20States,9,19104,store_locator,le specs,"King of Prussia, King of Prussia, PA  19406, United States",,,,
19,South Moon Under,https://www.google.com/maps/dir/?api=1&destination=160%20North%20Gulph%20Road%20King%20Of%20Prussia%20PENNSYLVANIA%2019406%20USA,10,19104,store_locator,le specs,"160 North Gulph Road, King Of Prussia, PENNSYLVANIA  19406, USA",,,,
20,Stockist le specs,https://lespecs.com/pages/stockists,10,77494,store_locator,no_store_found,,,,,
